name,LDA component 1,LDA component 2,Class
grieta1.jpg,-66.77890245105377,-52.35151948886377,G-Transverse
grieta2.jpg,-66.52778954995743,-52.80835821691097,G-Transverse
grieta3.jpg,-66.31601682585745,-52.093809828182515,G-Transverse
grieta4.jpg,-66.72865191049813,-52.87329524441676,G-Transverse
grieta5.jpg,-66.74215433358457,-52.70201717367823,G-Transverse
grieta6.jpg,-67.94863788003535,-52.249351590703846,G-Transverse
grieta7.jpg,-67.00166068759317,-52.44619151947036,G-Transverse
grieta8.jpg,-66.76443824876239,-52.18277933560353,G-Transverse
grieta9.jpg,-66.9261466801972,-52.393390518138716,G-Transverse
grieta10.jpg,-66.03050606997239,-52.707884812499465,G-Transverse
grieta11.jpg,-66.31441160234623,-51.99967215058553,G-Transverse
grieta12.jpg,-66.8099190528171,-51.90347656845541,G-Transverse
grieta13.jpg,-66.81570707418788,-52.29406289408584,G-Transverse
grieta14.jpg,-66.41346157223953,-52.70422204830917,G-Transverse
grieta15.jpg,-66.68246593071586,-52.35356528865321,G-Transverse
grieta16.jpg,-66.7455531328697,-52.12077827493988,G-Transverse
grieta17.jpg,-67.16378897651671,-52.40189016925213,G-Transverse
grieta18.jpg,-66.83829120635298,-52.9070587497691,G-Transverse
grieta19.jpg,-66.4356824325653,-52.681772942190385,G-Transverse
grieta20.jpg,-66.74014992120775,-52.815062110353466,G-Transverse
grieta21.jpg,-66.89069079679838,-52.746650281564584,G-Transverse
grieta22.jpg,-67.10212147897467,-52.35346066319434,G-Transverse
grieta23.jpg,-66.8431678733462,-52.13653436691873,G-Transverse
grieta24.jpg,-67.02016068483147,-52.3395140032803,G-Transverse
grieta25.jpg,-66.94042249839865,-52.34072759719115,G-Transverse
grieta26.jpg,-66.8790319395102,-52.44592933169644,G-Transverse
grieta27.jpg,-66.64185274325285,-51.99099463915034,G-Transverse
grieta28.jpg,-66.22707038201027,-52.50164638853519,G-Transverse
grieta29.jpg,-66.72142001221647,-52.5042919188416,G-Transverse
grieta30.jpg,-66.68051286948085,-52.37014305013914,G-Transverse
grieta31.jpg,-67.07157138868828,-52.783925593341046,G-Transverse
grieta32.jpg,-66.81054967436158,-51.93417689114733,G-Transverse
grieta33.jpg,-66.76695111799663,-52.74427459758158,G-Transverse
grieta34.jpg,-66.51152085814347,-52.26746008687351,G-Transverse
grieta35.jpg,-66.35340800749094,-52.35095976961435,G-Transverse
grieta36.jpg,-66.68224281626617,-52.179951556661834,G-Transverse
grieta37.jpg,-67.10079579187851,-52.54746455143838,G-Transverse
grieta38.jpg,-66.4083934115012,-52.436365124961505,G-Transverse
grieta39.jpg,-67.15937866727774,-52.72341702256493,G-Transverse
grieta40.jpg,-66.9312383510736,-52.30264239246864,G-Transverse
grieta41.jpg,-66.56637204048226,-52.435959683355705,G-Transverse
grieta42.jpg,-66.66267035912938,-52.238723212406924,G-Transverse
grieta43.jpg,-67.19150545958935,-52.583173708478455,G-Transverse
grieta44.jpg,-66.88942040425266,-52.667362598396295,G-Transverse
grieta45.jpg,-66.87925372303631,-52.47098624810967,G-Transverse
grieta46.jpg,-66.87492252583581,-52.181701044142216,G-Transverse
grieta47.jpg,-66.93987521048504,-52.500568779870555,G-Transverse
grieta48.jpg,-66.60973690267608,-52.52972297776739,G-Transverse
grieta49.jpg,-66.74633500880762,-52.59408330647352,G-Transverse
grieta50.jpg,-67.02230384083185,-52.23634210966638,G-Transverse
grieta51.jpg,-66.87604931534327,-52.30887830501401,G-Transverse
grieta52.jpg,-66.79250999301873,-52.479214337276815,G-Transverse
grieta53.jpg,-66.60800727819975,-52.5810754829444,G-Transverse
grieta54.jpg,-66.97876834063814,-52.648132459042316,G-Transverse
grieta55.jpg,-66.76150955951746,-52.411189529660064,G-Transverse
grieta56.jpg,-66.93417993757768,-52.484566167341484,G-Transverse
grieta57.jpg,-66.66561533804963,-52.402423786615046,G-Transverse
grieta58.jpg,-66.92807985453683,-52.29898124614951,G-Transverse
grieta59.jpg,-66.3678567391281,-52.49612635111694,G-Transverse
grieta60.jpg,-66.761116743238,-52.498999562845356,G-Transverse
grieta61.jpg,-66.95403377150436,-52.5232532216863,G-Transverse
grieta62.jpg,-67.28973646099843,-52.261883815908405,G-Transverse
grieta63.jpg,-66.54797269285723,-52.488174895272586,G-Transverse
grieta64.jpg,-67.11178916305188,-52.47970015452238,G-Transverse
grieta65.jpg,-66.76410514782958,-52.24286062192578,G-Transverse
grieta66.jpg,-66.66614538348173,-52.073127641330885,G-Transverse
grieta67.jpg,-66.73153900324355,-52.71075339884702,G-Transverse
grieta68.jpg,-67.12351416567523,-52.46439940312853,G-Transverse
grieta69.jpg,-66.16487401380672,-52.26873709027005,G-Transverse
grieta70.jpg,-66.25089043659457,-52.1408454398062,G-Transverse
grieta71.jpg,-67.64210242741146,-52.43384924143478,G-Transverse
grieta72.jpg,-66.88519943576026,-52.550075756845665,G-Transverse
grieta73.jpg,-66.85478834368726,-52.445969913251936,G-Transverse
grieta74.jpg,-66.619433279388,-52.72963584512178,G-Transverse
grieta75.jpg,-66.97758608430217,-52.6290057660878,G-Transverse
grieta76.jpg,-66.50988492459877,-52.38626421159672,G-Transverse
grieta77.jpg,-66.68641275610292,-52.01972495344792,G-Transverse
grieta78.jpg,-66.9650415940678,-52.5332041183638,G-Transverse
grieta79.jpg,-67.26315132769423,-52.38680541844939,G-Transverse
grieta80.jpg,-66.73373041333711,-52.44908621536622,G-Transverse
grieta81.jpg,-66.87869376377176,-52.31153744619156,G-Transverse
grieta82.jpg,-67.26700970871448,-52.45626091841501,G-Transverse
grieta83.jpg,-66.44310815138005,-52.57171515110015,G-Transverse
grieta84.jpg,-66.89020575763115,-52.470001890297205,G-Transverse
grieta85.jpg,-66.99315369942514,-52.23335589709289,G-Transverse
grieta86.jpg,-67.06050776555318,-52.55201211467441,G-Transverse
grieta87.jpg,-66.63705341598697,-52.3307262768098,G-Transverse
grieta88.jpg,-66.79169130208987,-52.52658628417143,G-Transverse
grieta89.jpg,-66.83392952350547,-52.34210888210907,G-Transverse
grieta90.jpg,-66.5069148069777,-52.4151821074322,G-Transverse
grieta91.jpg,-66.47978354098841,-52.70390928496293,G-Transverse
grieta92.jpg,-66.92733553543243,-52.528853003608596,G-Transverse
grieta93.jpg,-66.85328458253548,-52.11510311075578,G-Transverse
grieta94.jpg,-67.13712564696937,-52.2580053304131,G-Transverse
grieta95.jpg,-66.70323481782631,-52.499619033073614,G-Transverse
grieta96.jpg,-66.69737749501576,-52.15469790419414,G-Transverse
grieta97.jpg,-66.53182850710985,-52.69968343717172,G-Transverse
grieta98.jpg,-66.56460727486495,-52.097651153492734,G-Transverse
grieta99.jpg,-67.0349948022577,-52.28567843635726,G-Transverse
grieta100.jpg,-67.17861205641806,-52.146010597443585,G-Transverse
grieta101.jpg,-67.05089399632786,-52.273016377912086,G-Transverse
grieta102.jpg,-66.66120472140312,-52.08409637730904,G-Transverse
grieta103.jpg,-67.1505547594222,-52.489330987294636,G-Transverse
grieta104.jpg,-66.56280626243759,-52.295167115921615,G-Transverse
grieta105.jpg,-66.871520240215,-52.62565468636449,G-Transverse
grieta106.jpg,-66.75875171183843,-52.69953416684483,G-Transverse
grieta107.jpg,-66.41851626192015,-52.41829573459418,G-Transverse
grieta108.jpg,-66.34728432951349,-52.398132806382314,G-Transverse
grieta109.jpg,-66.98955758899876,-51.853642151787795,G-Transverse
grieta110.jpg,-66.3814394301426,-52.00403727572751,G-Transverse
grieta111.jpg,-66.89809193337057,-52.153259188283066,G-Transverse
grieta112.jpg,-67.05925908951676,-52.43133149648916,G-Transverse
grieta113.jpg,-67.08292342694573,-52.687137670385255,G-Transverse
grieta114.jpg,-67.19725295372996,-52.589331381940525,G-Transverse
grieta115.jpg,-66.76859580371013,-52.67582149031574,G-Transverse
grieta116.jpg,-66.59973401080411,-52.55182844515186,G-Transverse
grieta117.jpg,-67.04972000754438,-52.407160203980325,G-Transverse
grieta118.jpg,-66.74380407800052,-52.476760249006276,G-Transverse
grieta119.jpg,-66.91439238623344,-52.26577335246886,G-Transverse
grieta120.jpg,-66.68421294949539,-52.486953472114216,G-Transverse
grieta121.jpg,-67.00347719743633,-52.639772109279484,G-Transverse
grieta122.jpg,-66.71303730864476,-52.69794778730008,G-Transverse
grieta123.jpg,-66.74531048471533,-52.45231208455594,G-Transverse
grieta124.jpg,-67.28109190522166,-52.428611584035416,G-Transverse
grieta125.jpg,-66.87590664347601,-52.24102367004867,G-Transverse
grieta126.jpg,-66.76064661645623,-52.4026770821888,G-Transverse
grieta127.jpg,-66.27643525941903,-52.64201663110018,G-Transverse
grieta128.jpg,-66.46177513461055,-52.18449479024913,G-Transverse
grieta129.jpg,-66.61939068131244,-52.54740196633684,G-Transverse
grieta130.jpg,-67.0379723228034,-52.321093857369846,G-Transverse
grieta131.jpg,-67.29456771124583,-52.41340697073913,G-Transverse
grieta132.jpg,-66.77941728941991,-52.30987835963434,G-Transverse
grieta133.jpg,-67.37175351697908,-52.53810888093756,G-Transverse
grieta134.jpg,-66.49699562869137,-52.245651360703434,G-Transverse
grieta135.jpg,-66.87197762275105,-52.15478827043398,G-Transverse
grieta136.jpg,-66.71001616100546,-52.07486330896046,G-Transverse
grieta137.jpg,-66.92501714313829,-52.58232052148932,G-Transverse
grieta138.jpg,-66.30984474976319,-52.466697862062084,G-Transverse
grieta139.jpg,-66.89101609889713,-52.626836827339545,G-Transverse
grieta140.jpg,-66.69244282688913,-52.842052668443024,G-Transverse
grieta141.jpg,-67.09868742446488,-52.30267416836859,G-Transverse
grieta142.jpg,-66.43400006630633,-52.578630356484176,G-Transverse
grieta143.jpg,-67.11475497023133,-52.16435471075407,G-Transverse
grieta144.jpg,-67.48411282136476,-52.0512991899618,G-Transverse
grieta145.jpg,-66.47907429103273,-52.594305150665306,G-Transverse
grieta146.jpg,-67.25791069373294,-52.414682804263215,G-Transverse
grieta147.jpg,-66.58258993961877,-52.41098663303592,G-Transverse
grieta148.jpg,-66.88799489991354,-52.47287642323404,G-Transverse
grieta149.jpg,-66.60780057914765,-52.28221611830752,G-Transverse
grieta150.jpg,-67.14057404146166,-52.64189630382137,G-Transverse
grieta151.jpg,-66.38623866558208,-52.31404465765835,G-Transverse
grieta152.jpg,-67.05261739279226,-52.35889121438912,G-Transverse
grieta153.jpg,-66.46419163373798,-52.392272636352644,G-Transverse
grieta154.jpg,-66.56093717414097,-52.407953695750436,G-Transverse
grieta155.jpg,-66.58839281003213,-52.508656596756964,G-Transverse
grieta156.jpg,-66.9646836316195,-52.793841868788924,G-Transverse
grieta157.jpg,-66.74699258046202,-52.26441993033921,G-Transverse
grieta158.jpg,-66.48319710740029,-52.643343415672526,G-Transverse
grieta159.jpg,-66.63481285341535,-52.40279864078103,G-Transverse
grieta160.jpg,-66.96408726353937,-52.29355128933989,G-Transverse
grieta161.jpg,-66.89303348825649,-52.16323845267809,G-Transverse
grieta162.jpg,-67.0621874399335,-52.52564772785467,G-Transverse
grieta163.jpg,-67.07944619013776,-52.14624074248147,G-Transverse
grieta164.jpg,-67.03629645749861,-52.30705101680397,G-Transverse
grieta165.jpg,-66.85114049286007,-52.63768771293809,G-Transverse
grieta166.jpg,-67.06347101089773,-52.67354312937266,G-Transverse
grieta167.jpg,-66.27061048134313,-52.71301243023964,G-Transverse
grieta168.jpg,-66.57881745648965,-52.877307202775484,G-Transverse
grieta169.jpg,-66.75530383125908,-53.02276500867761,G-Transverse
grieta170.jpg,-66.59745529208897,-52.63556280910189,G-Transverse
grieta171.jpg,-67.08155511956025,-52.7853132452193,G-Transverse
grieta172.jpg,-66.80235161981905,-52.46236375549297,G-Transverse
grieta173.jpg,-66.51849181536717,-52.04122684626893,G-Transverse
grieta174.jpg,-66.85973795004185,-52.094988378452314,G-Transverse
grieta175.jpg,-67.18802223788984,-52.772572420139404,G-Transverse
grieta176.jpg,-66.59860710110678,-52.29405983642168,G-Transverse
grieta177.jpg,-67.02834982642099,-52.04053822240758,G-Transverse
grieta178.jpg,-66.64720712367098,-52.46851102724091,G-Transverse
grieta179.jpg,-66.67524586768616,-52.626555858251535,G-Transverse
grieta180.jpg,-66.11619979302732,-52.402838330842826,G-Transverse
grieta181.jpg,-66.16623991378698,-52.04169188472538,G-Transverse
grieta182.jpg,-66.69165848566908,-51.97426239929765,G-Transverse
grieta183.jpg,-66.58272829261935,-52.357350148580316,G-Transverse
grieta184.jpg,-66.78364878695322,-52.542734831175764,G-Transverse
grieta185.jpg,-66.73217759175368,-52.56949042869492,G-Transverse
grieta186.jpg,-67.37390841026054,-52.326033716474306,G-Transverse
grieta187.jpg,-66.96370412873155,-51.99602164042582,G-Transverse
grieta188.jpg,-66.93155655565066,-52.227436359546104,G-Transverse
grieta189.jpg,-67.22437218796317,-52.4006306094892,G-Transverse
grieta190.jpg,-67.24372453598716,-52.32332937482002,G-Transverse
grieta191.jpg,-67.01955807025708,-52.1484599693752,G-Transverse
grieta192.jpg,-66.89791297030658,-52.34118119902047,G-Transverse
grieta193.jpg,-66.94509112911176,-52.998032738992535,G-Transverse
grieta194.jpg,-66.53313545490066,-52.56076770729935,G-Transverse
grieta195.jpg,-66.70709687724532,-52.95392103180938,G-Transverse
grieta196.jpg,-66.80379271191805,-51.94584536597458,G-Transverse
grieta197.jpg,-66.93551390331065,-52.164699144052065,G-Transverse
grieta198.jpg,-67.22536781397953,-52.77610766673817,G-Transverse
grieta199.jpg,-67.03119526443736,-52.04887495330821,G-Transverse
grieta200.jpg,-66.71221775755816,-52.127220766173,G-Transverse
grieta201.jpg,-53.17684310142873,51.41926436188688,G-Longitudinal
grieta202.jpg,-52.123750251575856,50.95213430562767,G-Longitudinal
grieta203.jpg,-52.9079953467906,52.441111410165554,G-Longitudinal
grieta204.jpg,-52.45321709910172,51.257985345136944,G-Longitudinal
grieta205.jpg,-53.47565960245818,50.901308102871,G-Longitudinal
grieta206.jpg,-53.30950017197995,51.71842746203483,G-Longitudinal
grieta207.jpg,-53.24169924464488,50.65073900661214,G-Longitudinal
grieta208.jpg,-52.73159621393664,51.46823474144369,G-Longitudinal
grieta209.jpg,-52.3687085738931,51.548790644895,G-Longitudinal
grieta210.jpg,-53.50999221348515,51.081981085405964,G-Longitudinal
grieta211.jpg,-53.405913627600356,51.344235474303396,G-Longitudinal
grieta212.jpg,-52.49356764152512,50.951949728396066,G-Longitudinal
grieta213.jpg,-53.73502289256153,51.08655354189411,G-Longitudinal
grieta214.jpg,-52.0504680277284,51.47856978399391,G-Longitudinal
grieta215.jpg,-53.35779062502432,50.9934420679914,G-Longitudinal
grieta216.jpg,-53.01955625793988,51.25649591440321,G-Longitudinal
grieta217.jpg,-53.891376051774856,51.158093802428716,G-Longitudinal
grieta218.jpg,-53.247717863930674,51.04811783832861,G-Longitudinal
grieta219.jpg,-52.050137188181296,51.80088849558901,G-Longitudinal
grieta220.jpg,-53.51709713317094,51.0486346562342,G-Longitudinal
grieta221.jpg,-53.24081665707824,52.457890772243815,G-Longitudinal
grieta222.jpg,-53.53611422667243,51.52973602785254,G-Longitudinal
grieta223.jpg,-52.42501999816888,51.80313533395546,G-Longitudinal
grieta224.jpg,-53.61194923172086,51.71852929557979,G-Longitudinal
grieta225.jpg,-53.463048014200034,50.593025635362544,G-Longitudinal
grieta226.jpg,-53.352248332252216,52.31457103234447,G-Longitudinal
grieta227.jpg,-53.728108609305075,51.217341152561026,G-Longitudinal
grieta228.jpg,-53.213041148191216,50.86816398143711,G-Longitudinal
grieta229.jpg,-53.05568673297452,51.630915378159855,G-Longitudinal
grieta230.jpg,-53.337399705662946,51.62919310760503,G-Longitudinal
grieta231.jpg,-53.21571001521413,50.625861879503155,G-Longitudinal
grieta232.jpg,-53.04818734798651,51.58156782563156,G-Longitudinal
grieta233.jpg,-52.97451812502469,51.65832619214474,G-Longitudinal
grieta234.jpg,-53.05660042567451,51.372781399071386,G-Longitudinal
grieta235.jpg,-53.26714965359862,51.193842483678566,G-Longitudinal
grieta236.jpg,-52.587445517655034,51.2842871749193,G-Longitudinal
grieta237.jpg,-52.95435723698077,51.43200104499485,G-Longitudinal
grieta238.jpg,-53.0303083800848,51.03655116186704,G-Longitudinal
grieta239.jpg,-52.879491129526876,51.548646137551884,G-Longitudinal
grieta240.jpg,-53.33963333177957,51.61940367035788,G-Longitudinal
grieta241.jpg,-52.701746861388685,51.346020947631175,G-Longitudinal
grieta242.jpg,-53.45221619281444,50.98506212876897,G-Longitudinal
grieta243.jpg,-52.441958598150805,51.598026132217214,G-Longitudinal
grieta244.jpg,-52.93313522304862,51.211329223636355,G-Longitudinal
grieta245.jpg,-53.196226056621725,51.487918357436406,G-Longitudinal
grieta246.jpg,-53.247711397270436,51.56871865131846,G-Longitudinal
grieta247.jpg,-53.07037694735445,51.0755556775935,G-Longitudinal
grieta248.jpg,-53.42785021501871,51.163524680678364,G-Longitudinal
grieta249.jpg,-52.996034354996986,51.43220272630908,G-Longitudinal
grieta250.jpg,-53.16092836730864,51.39347069305013,G-Longitudinal
grieta251.jpg,-53.24798090665341,51.31813828013011,G-Longitudinal
grieta252.jpg,-53.16097334540791,51.331035222533444,G-Longitudinal
grieta253.jpg,-53.17495936830031,51.50461609863377,G-Longitudinal
grieta254.jpg,-53.619264991738405,51.49291771197248,G-Longitudinal
grieta255.jpg,-52.866798898674446,51.68642024533565,G-Longitudinal
grieta256.jpg,-53.167544593321125,51.15888117567718,G-Longitudinal
grieta257.jpg,-53.11147600784958,51.52558164927129,G-Longitudinal
grieta258.jpg,-53.07345670217043,51.485631695772106,G-Longitudinal
grieta259.jpg,-53.22210442553879,51.60442834264117,G-Longitudinal
grieta260.jpg,-53.21899029039837,51.59589660050022,G-Longitudinal
grieta261.jpg,-53.16397000112376,51.31275442963593,G-Longitudinal
grieta262.jpg,-53.39549419499923,51.06981436496146,G-Longitudinal
grieta263.jpg,-53.11171168631252,51.41103813388542,G-Longitudinal
grieta264.jpg,-53.00598829900113,51.202550527116856,G-Longitudinal
grieta265.jpg,-52.808934274556634,50.986530581449486,G-Longitudinal
grieta266.jpg,-53.15041458839133,51.411979671980724,G-Longitudinal
grieta267.jpg,-53.7813298978228,51.56076020614702,G-Longitudinal
grieta268.jpg,-53.06810191759608,50.96509005721428,G-Longitudinal
grieta269.jpg,-53.27203844689679,51.11964104458473,G-Longitudinal
grieta270.jpg,-52.8944733339617,51.43111547976138,G-Longitudinal
grieta271.jpg,-52.873357743900385,51.629979567919484,G-Longitudinal
grieta272.jpg,-53.02647740435721,51.2122276299539,G-Longitudinal
grieta273.jpg,-53.108865967002274,50.870522453240504,G-Longitudinal
grieta274.jpg,-53.05647535362185,51.36378813476272,G-Longitudinal
grieta275.jpg,-53.00097073884139,51.355570016721494,G-Longitudinal
grieta276.jpg,-53.07339819241629,51.20087512927557,G-Longitudinal
grieta277.jpg,-53.32500472716839,51.58457719716463,G-Longitudinal
grieta278.jpg,-53.08971776175229,51.50859560745882,G-Longitudinal
grieta279.jpg,-53.20053879409057,51.50614061411514,G-Longitudinal
grieta280.jpg,-53.04240722291338,51.30026493106251,G-Longitudinal
grieta281.jpg,-52.92792824374728,50.86435998437791,G-Longitudinal
grieta282.jpg,-52.90882770710135,51.381465176260384,G-Longitudinal
grieta283.jpg,-53.22825724626716,51.020494276624696,G-Longitudinal
grieta284.jpg,-53.040617961754094,51.17267119417405,G-Longitudinal
grieta285.jpg,-52.84049443917638,51.46255121682429,G-Longitudinal
grieta286.jpg,-53.52310579055573,51.05445554597731,G-Longitudinal
grieta287.jpg,-53.4968657087266,51.32469330265631,G-Longitudinal
grieta288.jpg,-53.02221149932193,51.344890540684084,G-Longitudinal
grieta289.jpg,-52.60947189200758,51.069702754026935,G-Longitudinal
grieta290.jpg,-53.19940577668861,51.397711269586715,G-Longitudinal
grieta291.jpg,-52.593543037305466,51.07973426080769,G-Longitudinal
grieta292.jpg,-52.716614807148886,51.05002607789007,G-Longitudinal
grieta293.jpg,-53.46503536947242,51.57332728863488,G-Longitudinal
grieta294.jpg,-53.228970954199355,51.802216077525934,G-Longitudinal
grieta295.jpg,-53.323005699144005,51.64783084420138,G-Longitudinal
grieta296.jpg,-53.01601422727266,51.57875694995574,G-Longitudinal
grieta297.jpg,-52.641905220363526,51.357373372326265,G-Longitudinal
grieta298.jpg,-52.84011035851286,51.14573599525266,G-Longitudinal
grieta299.jpg,-53.639972792286756,51.96822635285525,G-Longitudinal
grieta300.jpg,-52.70390627304319,51.91637869126485,G-Longitudinal
grieta301.jpg,-53.37979344412881,51.90777592599878,G-Longitudinal
grieta302.jpg,-53.521360816964304,51.49799562382263,G-Longitudinal
grieta303.jpg,-52.95577206325604,51.332055005706515,G-Longitudinal
grieta304.jpg,-52.908046100835804,50.64478737733286,G-Longitudinal
grieta305.jpg,-52.5013180445536,51.2930677650816,G-Longitudinal
grieta306.jpg,-53.04848011974498,51.67025257815074,G-Longitudinal
grieta307.jpg,-52.181096820243965,51.561844740593386,G-Longitudinal
grieta308.jpg,-53.00810537268906,51.02297032327991,G-Longitudinal
grieta309.jpg,-53.40517728610175,51.422609852363415,G-Longitudinal
grieta310.jpg,-52.80369766053933,50.883113009133744,G-Longitudinal
grieta311.jpg,-52.43246174030367,50.8715425798212,G-Longitudinal
grieta312.jpg,-52.87789530867147,51.671723773580005,G-Longitudinal
grieta313.jpg,-53.33653368004987,50.80318574406261,G-Longitudinal
grieta314.jpg,-53.18898886523372,50.90934513085475,G-Longitudinal
grieta315.jpg,-53.18104102906686,50.96560992572907,G-Longitudinal
grieta316.jpg,-52.9239555753153,51.17166440978363,G-Longitudinal
grieta317.jpg,-52.935083132450195,51.405554368566214,G-Longitudinal
grieta318.jpg,-53.35555173023286,51.21038768200277,G-Longitudinal
grieta319.jpg,-53.09161345533228,50.93653259232744,G-Longitudinal
grieta320.jpg,-53.51643754585524,51.03995073361501,G-Longitudinal
grieta321.jpg,-53.12673865249771,51.14207135084478,G-Longitudinal
grieta322.jpg,-52.8489966706324,51.08126092534357,G-Longitudinal
grieta323.jpg,-52.98033887481935,51.537001383895145,G-Longitudinal
grieta324.jpg,-52.802843772371176,51.05057512869435,G-Longitudinal
grieta325.jpg,-53.15326283313357,51.31253542627723,G-Longitudinal
grieta326.jpg,-53.54504725864267,51.99085887317054,G-Longitudinal
grieta327.jpg,-52.86307841808474,51.02877812147538,G-Longitudinal
grieta328.jpg,-53.37350844254257,51.55341039101344,G-Longitudinal
grieta329.jpg,-53.02373520072679,51.07078902854772,G-Longitudinal
grieta330.jpg,-53.03871409017758,51.384214749186285,G-Longitudinal
grieta331.jpg,-52.84613660131028,51.15588184052175,G-Longitudinal
grieta332.jpg,-53.35304712503263,51.65844829500745,G-Longitudinal
grieta333.jpg,-53.08715389753441,51.74990268926773,G-Longitudinal
grieta334.jpg,-53.67396631583103,51.58898976920689,G-Longitudinal
grieta335.jpg,-53.1551720382064,51.52664573630518,G-Longitudinal
grieta336.jpg,-53.36583378890705,50.91041161230211,G-Longitudinal
grieta337.jpg,-53.5957411714152,51.11951348621664,G-Longitudinal
grieta338.jpg,-52.97665389165634,51.445749712364346,G-Longitudinal
grieta339.jpg,-52.812640039879426,51.38078261664775,G-Longitudinal
grieta340.jpg,-53.158867593348575,51.011081148121626,G-Longitudinal
grieta341.jpg,-53.63041746759309,51.02921865883364,G-Longitudinal
grieta342.jpg,-53.32810233564829,51.29019049374239,G-Longitudinal
grieta343.jpg,-53.39225516320062,51.07942818891043,G-Longitudinal
grieta344.jpg,-53.417159668874895,51.52249300057867,G-Longitudinal
grieta345.jpg,-53.18320331359347,51.89949146569874,G-Longitudinal
grieta346.jpg,-53.119482796773354,51.28660843060489,G-Longitudinal
grieta347.jpg,-53.246419144204886,51.56109433046001,G-Longitudinal
grieta348.jpg,-53.014924950207245,51.13916348011937,G-Longitudinal
grieta349.jpg,-53.014924950207245,51.13916348011937,G-Longitudinal
grieta350.jpg,-52.84200383499496,51.26559618708156,G-Longitudinal
grieta351.jpg,-53.22017828154559,51.689017192358484,G-Longitudinal
grieta352.jpg,-53.73385484362721,51.78282308428014,G-Longitudinal
grieta353.jpg,-53.035910409809716,51.29265122811841,G-Longitudinal
grieta354.jpg,-53.76867751165345,51.8432177119583,G-Longitudinal
grieta355.jpg,-52.748982936945765,51.17042468869308,G-Longitudinal
grieta356.jpg,-52.47275116848385,50.93490671852554,G-Longitudinal
grieta357.jpg,-52.485659661428784,51.70187219961429,G-Longitudinal
grieta358.jpg,-52.55240986828612,51.273292155473264,G-Longitudinal
grieta359.jpg,-53.157433749887375,51.41249678001239,G-Longitudinal
grieta360.jpg,-53.118015196602,51.616936071852244,G-Longitudinal
grieta361.jpg,-53.02943551773173,50.51766373080251,G-Longitudinal
grieta362.jpg,-53.16931469173791,50.633027817086685,G-Longitudinal
grieta363.jpg,-52.485897284245624,51.487860068559854,G-Longitudinal
grieta364.jpg,-53.04922299027214,51.36618090588519,G-Longitudinal
grieta365.jpg,-53.52676037697033,51.258860033850816,G-Longitudinal
grieta366.jpg,-52.67249999203322,51.092717375558735,G-Longitudinal
grieta367.jpg,-52.876865717201404,50.71802150342209,G-Longitudinal
grieta368.jpg,-53.33352675477175,51.23228300007441,G-Longitudinal
grieta369.jpg,-52.39737257118311,50.66760667635551,G-Longitudinal
grieta370.jpg,-53.61406424511158,51.199358369118805,G-Longitudinal
grieta371.jpg,-53.18433996672839,51.97329347508123,G-Longitudinal
grieta372.jpg,-52.61470111906738,51.93618554496331,G-Longitudinal
grieta373.jpg,-53.248128281781106,51.11164561662783,G-Longitudinal
grieta374.jpg,-53.56033107907855,51.92802753444768,G-Longitudinal
grieta375.jpg,-53.53925704384894,51.72669446333208,G-Longitudinal
grieta376.jpg,-52.719560040917635,51.53841929631124,G-Longitudinal
grieta377.jpg,-52.93694541847053,51.36434419061342,G-Longitudinal
grieta378.jpg,-53.30243979606814,51.45059314223127,G-Longitudinal
grieta379.jpg,-53.82199705123659,51.68330673690945,G-Longitudinal
grieta380.jpg,-52.170245573595594,51.6021795943068,G-Longitudinal
grieta381.jpg,-52.97202786087864,51.40738450958034,G-Longitudinal
grieta382.jpg,-53.46226314098641,51.70502939071853,G-Longitudinal
grieta383.jpg,-52.9120505471294,51.99155670798077,G-Longitudinal
grieta384.jpg,-53.0538263300169,51.35854687132543,G-Longitudinal
grieta385.jpg,-52.7765440326816,51.131773707087376,G-Longitudinal
grieta386.jpg,-52.460083286751164,52.05164673262251,G-Longitudinal
grieta387.jpg,-53.10327222591842,51.428344589514694,G-Longitudinal
grieta388.jpg,-53.00432740542536,51.05987978768814,G-Longitudinal
grieta389.jpg,-52.6569391152842,51.18103083339432,G-Longitudinal
grieta390.jpg,-54.13819301927107,51.45525205819653,G-Longitudinal
grieta391.jpg,-53.327492150411175,51.348094920774344,G-Longitudinal
grieta392.jpg,-53.810040848549264,51.36567655463523,G-Longitudinal
grieta393.jpg,-53.20271080151264,51.12145794186765,G-Longitudinal
grieta394.jpg,-53.773802889885275,51.003105038299,G-Longitudinal
grieta395.jpg,-53.417333738244935,51.21206424327657,G-Longitudinal
grieta396.jpg,-52.262716416386525,51.71719768727892,G-Longitudinal
grieta397.jpg,-53.32454067857884,51.475618601181424,G-Longitudinal
grieta398.jpg,-53.24139410358477,51.11729147514776,G-Longitudinal
grieta399.jpg,-53.1374335580738,51.79026472663021,G-Longitudinal
grieta400.jpg,-53.35702862721037,51.55432286031026,G-Longitudinal
grieta401.jpg,-45.38068574748651,6.381668069861433,Healthy-pavement
grieta402.jpg,-49.09167526949909,6.6656749597852,Healthy-pavement
grieta403.jpg,-46.26354759039691,6.174664425213535,Healthy-pavement
grieta404.jpg,-46.87046167712976,5.632490038043667,Healthy-pavement
grieta405.jpg,-44.47032715113159,8.721510746631594,Healthy-pavement
grieta406.jpg,-44.141576481406446,7.292550703684434,Healthy-pavement
grieta407.jpg,-47.29638462952501,7.783227287809282,Healthy-pavement
grieta408.jpg,-46.51946217900239,2.77247914012262,Healthy-pavement
grieta409.jpg,-46.07488838897673,4.912152963802647,Healthy-pavement
grieta410.jpg,-44.82600697076077,8.63262484173223,Healthy-pavement
grieta411.jpg,-51.38737321187021,6.202586853877115,Healthy-pavement
grieta412.jpg,-45.7374757519946,8.34595740120509,Healthy-pavement
grieta413.jpg,-46.2022642774919,5.659886716031217,Healthy-pavement
grieta414.jpg,-43.28913362135001,7.668595088517765,Healthy-pavement
grieta415.jpg,-47.029089122137336,5.405395505481415,Healthy-pavement
grieta416.jpg,-46.44110793579136,6.095325897872311,Healthy-pavement
grieta417.jpg,-46.043188019626186,6.017742839368296,Healthy-pavement
grieta418.jpg,-45.796683819034115,5.021195706784681,Healthy-pavement
grieta419.jpg,-46.85696556346761,7.684547080500618,Healthy-pavement
grieta420.jpg,-45.696800810816555,8.139257710939006,Healthy-pavement
grieta421.jpg,-45.1888754064794,5.16863973474468,Healthy-pavement
grieta422.jpg,-45.82391600308324,6.584954569494236,Healthy-pavement
grieta423.jpg,-42.9733972353954,9.733780875651252,Healthy-pavement
grieta424.jpg,-49.127784213490074,6.749258997912833,Healthy-pavement
grieta425.jpg,-45.7607309135679,5.442659427888792,Healthy-pavement
grieta426.jpg,-46.474199158959664,6.611850922189703,Healthy-pavement
grieta427.jpg,-46.16380222107057,6.4218071566161825,Healthy-pavement
grieta428.jpg,-46.20115059580007,6.48549240572439,Healthy-pavement
grieta429.jpg,-46.18889081266727,6.487505244163685,Healthy-pavement
grieta430.jpg,-46.226092505474696,6.578790571048508,Healthy-pavement
grieta431.jpg,-46.30765114365008,6.446333489181768,Healthy-pavement
grieta432.jpg,-46.26009558579864,6.406454191715085,Healthy-pavement
grieta433.jpg,-46.20827609575903,6.57069301196875,Healthy-pavement
grieta434.jpg,-46.23914994087107,6.39127168386797,Healthy-pavement
grieta435.jpg,-46.40703199745141,6.620295401987143,Healthy-pavement
grieta436.jpg,-46.239860689914465,6.617173467894261,Healthy-pavement
grieta437.jpg,-46.25443818458561,6.528741764045947,Healthy-pavement
grieta438.jpg,-46.211874726682694,6.439972339867737,Healthy-pavement
grieta439.jpg,-46.32228314779178,6.321112157076005,Healthy-pavement
grieta440.jpg,-46.21318367203591,6.563481242016167,Healthy-pavement
grieta441.jpg,-46.42891154249867,6.5237628292103125,Healthy-pavement
grieta442.jpg,-46.23450099407319,6.393575908398816,Healthy-pavement
grieta443.jpg,-46.10778782648134,6.443757165416038,Healthy-pavement
grieta444.jpg,-46.186436210418606,6.527653839475988,Healthy-pavement
grieta445.jpg,-46.218324444622255,6.595859501575248,Healthy-pavement
grieta446.jpg,-46.30312325802254,6.353918642746308,Healthy-pavement
grieta447.jpg,-46.19957149700551,6.516981176591031,Healthy-pavement
grieta448.jpg,-46.22159524917426,6.659345418361156,Healthy-pavement
grieta449.jpg,-46.23270965164942,6.58519285836374,Healthy-pavement
grieta450.jpg,-46.326549452832296,6.534682880278162,Healthy-pavement
grieta451.jpg,-51.1828693127859,6.952341207741625,Healthy-pavement
grieta452.jpg,-52.55532304157171,1.3480243988517486,Healthy-pavement
grieta453.jpg,-48.720632755707,6.139620438263467,Healthy-pavement
grieta454.jpg,-39.541306642775425,12.729725957022566,Healthy-pavement
grieta455.jpg,-42.04205913883135,5.609471177864776,Healthy-pavement
grieta456.jpg,-56.95021984294846,11.019586667600265,Healthy-pavement
grieta457.jpg,-48.94150508931767,4.999915920751363,Healthy-pavement
grieta458.jpg,-39.674456747164726,7.606487127842087,Healthy-pavement
grieta459.jpg,-40.18240124076726,-0.6148200345666055,Healthy-pavement
grieta460.jpg,-44.08639206341667,8.201615156599406,Healthy-pavement
grieta461.jpg,-44.68265816509584,4.704519187406611,Healthy-pavement
grieta462.jpg,-44.68265816509584,4.704519187406611,Healthy-pavement
grieta463.jpg,-44.68265816509584,4.704519187406611,Healthy-pavement
grieta464.jpg,-44.68265816509584,4.704519187406611,Healthy-pavement
grieta465.jpg,-49.25768528805436,7.76130009853545,Healthy-pavement
grieta466.jpg,-46.24374357274362,7.755686508563336,Healthy-pavement
grieta467.jpg,-47.48062836600371,8.51345604971791,Healthy-pavement
grieta468.jpg,-47.14380237194329,9.487828954464508,Healthy-pavement
grieta469.jpg,-44.9628503120715,-3.5857218151354573,Healthy-pavement
grieta470.jpg,-49.70118240933834,14.965435360407348,Healthy-pavement
grieta471.jpg,-38.234423509526245,8.784733924098838,Healthy-pavement
grieta472.jpg,-45.2892079150014,8.25560191581937,Healthy-pavement
grieta473.jpg,-50.07303430430032,0.34357030892478946,Healthy-pavement
grieta474.jpg,-48.46673718784155,15.065950813656023,Healthy-pavement
grieta475.jpg,-50.04940748258324,0.17786920728203626,Healthy-pavement
grieta476.jpg,-46.26212530042818,6.541257137734846,Healthy-pavement
grieta477.jpg,-46.18022969236887,6.393079746610681,Healthy-pavement
grieta478.jpg,-46.27671239090361,6.520172044030687,Healthy-pavement
grieta479.jpg,-46.15982794041065,6.532947353710227,Healthy-pavement
grieta480.jpg,-46.31700716788811,6.5541428244063695,Healthy-pavement
grieta481.jpg,-46.28666544180112,6.3614829105063535,Healthy-pavement
grieta482.jpg,-46.12424150042045,6.467945494032961,Healthy-pavement
grieta483.jpg,-46.23741968858653,6.487019536550548,Healthy-pavement
grieta484.jpg,-46.29233595005212,6.602130013130093,Healthy-pavement
grieta485.jpg,-46.29429841068105,6.5451168575004885,Healthy-pavement
grieta486.jpg,-46.18855759745844,6.405298632343545,Healthy-pavement
grieta487.jpg,-46.15083248458768,6.5757780919291235,Healthy-pavement
grieta488.jpg,-46.400606582963064,6.587382096508122,Healthy-pavement
grieta489.jpg,-46.185115137025264,6.559266402754076,Healthy-pavement
grieta490.jpg,-46.25180791236619,6.391217447387817,Healthy-pavement
grieta491.jpg,-46.3818866257989,6.5897957095351245,Healthy-pavement
grieta492.jpg,-46.32604008913046,6.470731842968746,Healthy-pavement
grieta493.jpg,-46.16890571162048,6.527207481451967,Healthy-pavement
grieta494.jpg,-46.187263474158385,6.602672025612463,Healthy-pavement
grieta495.jpg,-46.25459061145409,6.411785952035132,Healthy-pavement
grieta496.jpg,-46.248604271069496,6.474193406967174,Healthy-pavement
grieta497.jpg,-46.322951658035265,6.5556288041769335,Healthy-pavement
grieta498.jpg,-46.21238225973781,6.410119656237072,Healthy-pavement
grieta499.jpg,-46.14549709694515,6.581160412251961,Healthy-pavement
grieta500.jpg,-46.18645707264233,6.503665690526802,Healthy-pavement
grieta501.jpg,286.2177742636886,-4.226803565709602,G-alligator
grieta502.jpg,286.13672493697015,-4.30480032914582,G-alligator
grieta503.jpg,285.86790121399736,-4.393742877873962,G-alligator
grieta504.jpg,285.96960509168247,-4.291993272056644,G-alligator
grieta505.jpg,285.91096684116826,-4.561393462523171,G-alligator
grieta506.jpg,285.96749112739417,-4.33773480999713,G-alligator
grieta507.jpg,285.9693660065258,-4.5544900351949735,G-alligator
grieta508.jpg,286.0121350388525,-4.322681207788634,G-alligator
grieta509.jpg,286.1108359024615,-4.201021392866721,G-alligator
grieta510.jpg,286.3294149223438,-4.399949261027146,G-alligator
grieta511.jpg,286.05201931996294,-4.329179547888202,G-alligator
grieta512.jpg,285.87228546853055,-4.312327687249422,G-alligator
grieta513.jpg,285.99047882579964,-4.325942136524347,G-alligator
grieta514.jpg,286.17489542912136,-4.540982565312902,G-alligator
grieta515.jpg,286.1082740599004,-4.42528194408402,G-alligator
grieta516.jpg,286.11195106322634,-4.350342464535629,G-alligator
grieta517.jpg,286.03744298504307,-4.365533779525322,G-alligator
grieta518.jpg,286.1474409100478,-4.314077181996424,G-alligator
grieta519.jpg,286.1120622077205,-4.313719369531455,G-alligator
grieta520.jpg,286.09078657111303,-4.341952793155812,G-alligator
grieta521.jpg,286.0209716004162,-4.226448635184681,G-alligator
grieta522.jpg,286.16554793263754,-4.409836062573575,G-alligator
grieta523.jpg,286.02629822147446,-4.486442038743576,G-alligator
grieta524.jpg,286.08169542250056,-4.267748848228635,G-alligator
grieta525.jpg,285.9326587434996,-4.346323767395674,G-alligator
grieta526.jpg,286.0401312929126,-4.393431127536019,G-alligator
grieta527.jpg,285.85597152991176,-4.502158085429784,G-alligator
grieta528.jpg,286.1249757618691,-4.260320182974141,G-alligator
grieta529.jpg,286.28894196554336,-4.281864461189656,G-alligator
grieta530.jpg,286.2101770593895,-4.454867537229134,G-alligator
grieta531.jpg,286.2033446555199,-4.213023868278327,G-alligator
grieta532.jpg,286.04747993304295,-4.2697862968804685,G-alligator
grieta533.jpg,285.9108991517785,-4.325983236591242,G-alligator
grieta534.jpg,286.03460615616996,-4.292517997100674,G-alligator
grieta535.jpg,286.0494586185752,-4.37646471435815,G-alligator
grieta536.jpg,285.976509575038,-4.422744692240755,G-alligator
grieta537.jpg,285.9274295674354,-4.386112309913813,G-alligator
grieta538.jpg,286.0247215630467,-4.386555175302064,G-alligator
grieta539.jpg,286.1045823226244,-4.605382459108341,G-alligator
grieta540.jpg,286.3118962571419,-4.407098169764936,G-alligator
grieta541.jpg,286.07625723494806,-4.424695573194327,G-alligator
grieta542.jpg,286.10184288674316,-4.4180051614751505,G-alligator
grieta543.jpg,286.0729727014818,-4.350977655090098,G-alligator
grieta544.jpg,286.08523456910746,-4.351295408620086,G-alligator
grieta545.jpg,286.05863309880374,-4.332512472922659,G-alligator
grieta546.jpg,286.1007182727043,-4.364865903521135,G-alligator
grieta547.jpg,286.12790546995416,-4.379585964359535,G-alligator
grieta548.jpg,286.1584186774201,-4.460033409876871,G-alligator
grieta549.jpg,286.1137805347701,-4.410512612247253,G-alligator
grieta550.jpg,286.07638150822436,-4.331027184617142,G-alligator
grieta551.jpg,286.0004524700553,-4.28623076898544,G-alligator
grieta552.jpg,286.05190424480037,-4.443649028132711,G-alligator
grieta553.jpg,286.0816839891293,-4.40933521565394,G-alligator
grieta554.jpg,286.03693853630097,-4.4130344429843475,G-alligator
grieta555.jpg,286.0356893689815,-4.36802738270088,G-alligator
grieta556.jpg,285.99629855371523,-4.283164404914356,G-alligator
grieta557.jpg,285.98338749487357,-4.388345514231567,G-alligator
grieta558.jpg,285.9477536037686,-4.381733616300757,G-alligator
grieta559.jpg,285.9679142873455,-4.236982598132634,G-alligator
grieta560.jpg,286.3294149223438,-4.399949261027146,G-alligator
grieta561.jpg,286.14414440445853,-4.3186286210113,G-alligator
grieta562.jpg,285.99913704021503,-4.434779361170442,G-alligator
grieta563.jpg,285.9724320460559,-4.342297302154094,G-alligator
grieta564.jpg,286.0517914445247,-4.405404499631999,G-alligator
grieta565.jpg,286.0937636464623,-4.319240454185852,G-alligator
grieta566.jpg,286.088289277256,-4.376975740780409,G-alligator
grieta567.jpg,285.97682169202346,-4.329329061332402,G-alligator
grieta568.jpg,286.1547154040326,-4.371488708538692,G-alligator
grieta569.jpg,286.02261928619333,-4.375094333828542,G-alligator
grieta570.jpg,286.09078657111303,-4.341952793155812,G-alligator
grieta571.jpg,285.98522544170675,-4.345889863870468,G-alligator
grieta572.jpg,286.0828127147865,-4.344007523498789,G-alligator
grieta573.jpg,286.07587500034396,-4.463324846715224,G-alligator
grieta574.jpg,286.02659810603404,-4.312304343384568,G-alligator
grieta575.jpg,286.0278851413574,-4.428869371504447,G-alligator
grieta576.jpg,286.0450130919521,-4.270269717637305,G-alligator
grieta577.jpg,286.0307366309896,-4.415458960635036,G-alligator
grieta578.jpg,286.11874877786653,-4.438031013278305,G-alligator
grieta579.jpg,286.19120735153547,-4.30511278441513,G-alligator
grieta580.jpg,286.2101770593895,-4.454867537229134,G-alligator
grieta581.jpg,286.19163475386256,-4.459322396699292,G-alligator
grieta582.jpg,286.24267062467544,-4.303478133750787,G-alligator
grieta583.jpg,286.00061288848315,-4.36271046340778,G-alligator
grieta584.jpg,286.13041221384617,-4.403963328555676,G-alligator
grieta585.jpg,285.9280352327546,-4.288004433594779,G-alligator
grieta586.jpg,286.06208110210025,-4.432378792442876,G-alligator
grieta587.jpg,286.0748481521066,-4.2849410925263385,G-alligator
grieta588.jpg,285.8801015834676,-4.349764845265298,G-alligator
grieta589.jpg,286.01062927330514,-4.315328641141804,G-alligator
grieta590.jpg,286.3118962571419,-4.407098169764936,G-alligator
grieta591.jpg,286.1513732875781,-4.278925721387026,G-alligator
grieta592.jpg,285.89959107901814,-4.350368776718852,G-alligator
grieta593.jpg,286.2100358693907,-4.414252379338734,G-alligator
grieta594.jpg,286.1216409075611,-4.366244589479777,G-alligator
grieta595.jpg,286.10239690350926,-4.465262863998589,G-alligator
grieta596.jpg,285.9664221891766,-4.41791878797622,G-alligator
grieta597.jpg,286.09945881723326,-4.431133914004874,G-alligator
grieta598.jpg,286.15376161359427,-4.339242466265603,G-alligator
grieta599.jpg,286.1670508261666,-4.421068554686343,G-alligator
grieta600.jpg,286.07638150822436,-4.331027184617142,G-alligator
