name,IVIS component 1,IVIS component 2,IVIS component 3,IVIS component 4,Class
grieta1.jpg,1.1518122,5.2052703,6.6231565,1.6968718,G-Transverse
grieta2.jpg,-1.7370394,5.8935375,5.9461217,1.9319695,G-Transverse
grieta3.jpg,-2.467672,4.092662,4.9796653,2.709706,G-Transverse
grieta4.jpg,-2.1481578,0.16216063,4.846815,0.9386287,G-Transverse
grieta5.jpg,-1.9856935,-2.2273445,3.775316,0.03292074,G-Transverse
grieta6.jpg,-0.87643546,-7.4139185,4.426521,-1.4490529,G-Transverse
grieta7.jpg,-0.77588916,-8.467919,2.9372041,-1.5813423,G-Transverse
grieta8.jpg,0.18254495,-9.729056,2.021271,-2.0424066,G-Transverse
grieta9.jpg,1.5398372,-10.844724,1.9102885,-3.2684097,G-Transverse
grieta10.jpg,2.394643,-10.901269,2.0492508,-4.6252728,G-Transverse
grieta11.jpg,5.214003,-10.692541,2.108204,-5.174106,G-Transverse
grieta12.jpg,6.5768256,-9.481428,3.8652494,-6.8776255,G-Transverse
grieta13.jpg,7.527072,-7.6395903,4.4179993,-7.502336,G-Transverse
grieta14.jpg,8.110751,-6.4036474,5.320463,-8.092017,G-Transverse
grieta15.jpg,7.678213,-4.235956,7.1143165,-7.129126,G-Transverse
grieta16.jpg,7.35337,-3.6715322,7.863317,-6.341756,G-Transverse
grieta17.jpg,5.3191633,-3.9272032,9.901804,-5.2481933,G-Transverse
grieta18.jpg,3.7311277,-4.458284,9.738068,-3.8390944,G-Transverse
grieta19.jpg,1.2192291,-3.9119437,8.650647,-0.44518167,G-Transverse
grieta20.jpg,1.5400766,-6.119833,6.943818,1.2301686,G-Transverse
grieta21.jpg,1.5015602,-7.021794,3.2451556,4.7517014,G-Transverse
grieta22.jpg,2.0268986,-8.1237135,3.1786292,5.3307834,G-Transverse
grieta23.jpg,2.8234556,-8.376166,1.9278209,5.331354,G-Transverse
grieta24.jpg,4.6016564,-8.893807,2.759564,5.3070283,G-Transverse
grieta25.jpg,5.8797994,-8.451058,1.4492117,4.730839,G-Transverse
grieta26.jpg,8.336825,-8.697449,2.6980462,3.5240722,G-Transverse
grieta27.jpg,9.478367,-7.441769,2.9949684,2.1417994,G-Transverse
grieta28.jpg,10.5898695,-7.64685,4.3327546,0.47263694,G-Transverse
grieta29.jpg,10.347674,-5.4094095,4.097356,0.84093297,G-Transverse
grieta30.jpg,9.3598585,-2.7085948,7.3577557,1.2633904,G-Transverse
grieta31.jpg,8.022543,0.5856681,7.5132065,0.64941615,G-Transverse
grieta32.jpg,4.7477083,3.244998,7.9157815,1.6316084,G-Transverse
grieta33.jpg,2.782498,-11.427817,9.068535,-4.9164286,G-Transverse
grieta34.jpg,2.5393574,-12.240903,6.97815,-3.6797657,G-Transverse
grieta35.jpg,2.96887,-13.101152,6.1170664,-2.997313,G-Transverse
grieta36.jpg,4.0406327,-13.34694,4.43906,-2.121476,G-Transverse
grieta37.jpg,5.5324454,-13.667716,3.9735548,-1.5548832,G-Transverse
grieta38.jpg,6.7111363,-13.357903,4.218383,-0.97274745,G-Transverse
grieta39.jpg,8.316901,-12.787789,5.7312064,-0.828865,G-Transverse
grieta40.jpg,9.738768,-12.26687,6.040214,-0.93466365,G-Transverse
grieta41.jpg,10.345894,-11.679912,6.9199157,-1.117225,G-Transverse
grieta42.jpg,10.973422,-11.153275,6.981876,-0.6476928,G-Transverse
grieta43.jpg,10.244622,-10.478423,8.50991,-1.5252303,G-Transverse
grieta44.jpg,9.088963,-10.073813,9.637882,-1.3500342,G-Transverse
grieta45.jpg,8.27898,-9.71061,9.441725,-0.14289099,G-Transverse
grieta46.jpg,6.9930596,-9.082671,8.8294325,2.1989372,G-Transverse
grieta47.jpg,5.079839,-9.716435,7.52016,4.266583,G-Transverse
grieta48.jpg,3.5425045,-9.530826,6.082889,5.478486,G-Transverse
grieta49.jpg,3.5009382,-10.104671,5.4265776,5.284352,G-Transverse
grieta50.jpg,3.2338312,-10.725363,4.7461743,4.114728,G-Transverse
grieta51.jpg,3.6095722,-11.373254,5.7518873,3.4089096,G-Transverse
grieta52.jpg,4.010387,-12.0427685,5.144512,2.0246296,G-Transverse
grieta53.jpg,4.6535463,-12.785771,5.07439,0.5462629,G-Transverse
grieta54.jpg,4.854392,-13.441946,4.6764045,-0.9633905,G-Transverse
grieta55.jpg,4.79945,-13.451301,5.253283,-1.5980002,G-Transverse
grieta56.jpg,5.752795,-13.444761,5.409423,-2.6402194,G-Transverse
grieta57.jpg,5.9353614,-13.144013,5.9558673,-3.5648036,G-Transverse
grieta58.jpg,6.110681,-12.666817,6.204974,-4.7933064,G-Transverse
grieta59.jpg,5.3998876,-11.612235,7.2244463,-5.476855,G-Transverse
grieta60.jpg,5.4500527,-10.986269,7.4150023,-6.2207212,G-Transverse
grieta61.jpg,4.5118484,-10.365864,8.574644,-5.945329,G-Transverse
grieta62.jpg,4.2483478,-10.398533,9.68014,-5.8837185,G-Transverse
grieta63.jpg,3.2748384,-10.369403,10.223288,-5.8973436,G-Transverse
grieta64.jpg,2.6749957,-10.540244,10.227658,-4.921238,G-Transverse
grieta65.jpg,-0.81662357,-8.157685,4.0990715,-1.2662328,G-Transverse
grieta66.jpg,-0.7313774,-9.115225,2.807908,-1.7051033,G-Transverse
grieta67.jpg,-0.12720008,-9.818643,2.0766995,-2.2371054,G-Transverse
grieta68.jpg,2.2228093,-11.391231,1.8537934,-3.1611705,G-Transverse
grieta69.jpg,2.5744083,-10.977408,2.7312787,-4.7626963,G-Transverse
grieta70.jpg,5.662671,-10.735968,2.9330547,-5.514772,G-Transverse
grieta71.jpg,6.6188436,-9.023176,4.191046,-7.278243,G-Transverse
grieta72.jpg,7.566589,-6.8073072,5.085746,-6.705709,G-Transverse
grieta73.jpg,8.610849,-5.668605,5.5575004,-7.1991086,G-Transverse
grieta74.jpg,7.1405673,-4.120883,8.674651,-6.6865096,G-Transverse
grieta75.jpg,7.0301423,-3.9143333,8.840557,-5.237566,G-Transverse
grieta76.jpg,3.179504,-3.3938675,10.644895,-3.857987,G-Transverse
grieta77.jpg,3.2982993,-4.862796,10.4073515,-3.1916735,G-Transverse
grieta78.jpg,0.14625919,-4.096955,8.458386,1.4282945,G-Transverse
grieta79.jpg,0.9479058,-6.5298333,6.8221745,2.5818064,G-Transverse
grieta80.jpg,0.86037785,-6.7868786,2.8026652,5.159885,G-Transverse
grieta81.jpg,2.3365657,-7.86747,3.7922473,5.9776506,G-Transverse
grieta82.jpg,2.5798445,-8.414755,1.7146521,5.5691295,G-Transverse
grieta83.jpg,5.3449893,-9.445772,3.543164,5.2807903,G-Transverse
grieta84.jpg,6.0241265,-8.7196,2.5377336,4.7559566,G-Transverse
grieta85.jpg,8.884767,-9.528756,3.8053243,2.7714367,G-Transverse
grieta86.jpg,9.4114685,-7.448457,2.842487,2.1856003,G-Transverse
grieta87.jpg,10.156863,-7.3928885,6.287317,0.9529042,G-Transverse
grieta88.jpg,10.185139,-4.470941,5.006575,1.2891905,G-Transverse
grieta89.jpg,7.9800014,-1.0826615,8.200916,2.472553,G-Transverse
grieta90.jpg,6.5590987,1.4787202,8.221418,1.6299875,G-Transverse
grieta91.jpg,2.5921931,4.6889725,8.261786,2.3346734,G-Transverse
grieta92.jpg,-1.0063987,5.8090773,6.962742,2.9889624,G-Transverse
grieta93.jpg,-2.0145955,4.5865617,6.3742423,2.1253889,G-Transverse
grieta94.jpg,-2.9531012,4.443271,5.278539,2.8960094,G-Transverse
grieta95.jpg,-1.8038505,-3.9440444,6.4064565,1.0023272,G-Transverse
grieta96.jpg,-2.1789372,-4.351027,3.6235254,0.815021,G-Transverse
grieta97.jpg,-1.2958622,-6.7916946,3.8207154,-0.7839986,G-Transverse
grieta98.jpg,-0.64115816,-8.905559,2.7266655,-0.78897166,G-Transverse
grieta99.jpg,0.54359484,-10.228307,1.8163329,-1.9212238,G-Transverse
grieta100.jpg,0.7111758,-10.283429,2.0406208,-3.317232,G-Transverse
grieta101.jpg,3.6978407,-11.232348,1.8639228,-3.7097213,G-Transverse
grieta102.jpg,5.2945905,-10.496417,3.4707208,-5.3795033,G-Transverse
grieta103.jpg,6.935885,-8.684791,4.3392954,-5.9799943,G-Transverse
grieta104.jpg,7.132903,-7.803435,4.913005,-7.980435,G-Transverse
grieta105.jpg,7.3259873,-4.9559097,6.2966475,-6.662902,G-Transverse
grieta106.jpg,8.089878,-3.980258,6.814623,-6.1073675,G-Transverse
grieta107.jpg,6.9512672,-3.9396443,9.391968,-5.6319876,G-Transverse
grieta108.jpg,5.4773207,-4.0701437,10.254745,-4.211291,G-Transverse
grieta109.jpg,0.9921512,-2.9514475,10.11507,-1.1454974,G-Transverse
grieta110.jpg,2.0158713,-5.1671104,10.042563,-1.9574965,G-Transverse
grieta111.jpg,0.52286047,-4.5957284,4.5846963,2.9866354,G-Transverse
grieta112.jpg,1.2017276,-7.409784,4.4214272,5.872573,G-Transverse
grieta113.jpg,1.48005,-7.9570246,2.6281478,5.7253957,G-Transverse
grieta114.jpg,3.2479367,-8.629187,3.5692372,6.045781,G-Transverse
grieta115.jpg,3.9037414,-8.237616,1.0046418,5.245505,G-Transverse
grieta116.jpg,6.436208,-9.017794,2.3518913,4.578752,G-Transverse
grieta117.jpg,7.46357,-7.6788754,3.787019,4.2795944,G-Transverse
grieta118.jpg,9.789787,-8.585489,4.2846203,0.43794304,G-Transverse
grieta119.jpg,9.985507,-6.866578,2.3248966,0.71325374,G-Transverse
grieta120.jpg,9.010495,-5.286623,7.1235538,1.5734947,G-Transverse
grieta121.jpg,9.049584,-1.6557728,7.625729,0.43693632,G-Transverse
grieta122.jpg,6.5415545,1.6888318,8.283025,1.9264666,G-Transverse
grieta123.jpg,4.130829,2.3971844,7.734883,1.7410588,G-Transverse
grieta124.jpg,-0.5483904,5.3929353,6.206666,1.1892369,G-Transverse
grieta125.jpg,-2.4018786,5.4323177,6.2429533,3.3483837,G-Transverse
grieta126.jpg,-2.302504,1.8702362,5.199461,2.0925756,G-Transverse
grieta127.jpg,-2.558017,0.7931713,3.659085,1.9163489,G-Transverse
grieta128.jpg,-1.0716534,-5.490568,5.8601956,-1.2266862,G-Transverse
grieta129.jpg,0.7923901,-10.600705,2.0874038,-2.939667,G-Transverse
grieta130.jpg,1.4287387,-11.281337,2.5424004,-4.2745385,G-Transverse
grieta131.jpg,3.3683736,-11.549673,1.8465136,-4.6642857,G-Transverse
grieta132.jpg,5.7931604,-11.124926,3.3997886,-6.1349883,G-Transverse
grieta133.jpg,7.0802174,-9.412199,4.873585,-6.928785,G-Transverse
grieta134.jpg,7.813318,-8.351003,5.001549,-8.216796,G-Transverse
grieta135.jpg,8.22864,-6.079258,6.9101877,-7.2926755,G-Transverse
grieta136.jpg,8.581897,-4.2744074,6.8048935,-6.1809263,G-Transverse
grieta137.jpg,7.427558,-4.522436,9.402961,-5.7048097,G-Transverse
grieta138.jpg,6.148969,-5.215336,10.690671,-4.5932927,G-Transverse
grieta139.jpg,1.9079238,-4.5762525,9.51369,-0.7674055,G-Transverse
grieta140.jpg,1.9072486,-5.952482,9.716808,-0.5169605,G-Transverse
grieta141.jpg,1.5037893,-5.629035,5.428894,4.0242376,G-Transverse
grieta142.jpg,1.641923,-7.81489,4.1393337,6.19851,G-Transverse
grieta143.jpg,2.2615402,-8.721199,2.415776,5.9075394,G-Transverse
grieta144.jpg,4.045453,-9.041032,3.2682974,6.2561545,G-Transverse
grieta145.jpg,5.238307,-8.930883,2.3823586,5.9200435,G-Transverse
grieta146.jpg,7.028427,-9.326038,2.0865812,5.0054436,G-Transverse
grieta147.jpg,8.482679,-8.055366,3.072209,4.713937,G-Transverse
grieta148.jpg,10.428171,-8.061276,4.3955297,1.9012563,G-Transverse
grieta149.jpg,10.932185,-6.8200283,3.232142,1.2644715,G-Transverse
grieta150.jpg,9.688388,-5.2006617,5.938543,2.433748,G-Transverse
grieta151.jpg,9.344525,-1.2271464,7.959131,1.448723,G-Transverse
grieta152.jpg,6.5111356,2.455322,8.02622,2.16977,G-Transverse
grieta153.jpg,3.8804116,3.945551,8.310054,2.5694604,G-Transverse
grieta154.jpg,-0.3255135,5.9380755,6.607491,1.4161005,G-Transverse
grieta155.jpg,-2.60217,5.65092,6.063085,3.4864836,G-Transverse
grieta156.jpg,-2.6022012,2.9600968,5.4672837,2.5912228,G-Transverse
grieta157.jpg,-2.4933317,-0.2719333,3.2811904,1.8686936,G-Transverse
grieta158.jpg,-1.3202189,-6.14137,5.0214186,-1.0631957,G-Transverse
grieta159.jpg,-1.0590148,-8.001336,3.700711,-1.548491,G-Transverse
grieta160.jpg,-0.26868144,-9.904403,3.0632546,-1.7367078,G-Transverse
grieta161.jpg,-2.7091393,2.823658,5.4366946,2.2545104,G-Transverse
grieta162.jpg,-2.292704,-2.1651754,4.8837185,0.5658134,G-Transverse
grieta163.jpg,-1.8060445,-5.1258216,4.350912,-0.26476434,G-Transverse
grieta164.jpg,-1.1629882,-8.126049,3.4739969,-0.9540725,G-Transverse
grieta165.jpg,-0.6518019,-9.546607,2.5212743,-1.5674751,G-Transverse
grieta166.jpg,0.3407494,-10.153455,1.702163,-2.4904292,G-Transverse
grieta167.jpg,2.1083133,-11.481776,2.1543517,-3.6571965,G-Transverse
grieta168.jpg,3.5601897,-11.069594,2.555581,-4.8861113,G-Transverse
grieta169.jpg,6.1150675,-10.450906,3.4292192,-6.200515,G-Transverse
grieta170.jpg,6.9677854,-8.608737,5.0294547,-7.522133,G-Transverse
grieta171.jpg,7.6024127,-7.0282917,5.1643786,-7.6359167,G-Transverse
grieta172.jpg,8.066849,-5.127953,7.220924,-7.126631,G-Transverse
grieta173.jpg,7.252636,-3.9811637,8.673768,-6.476446,G-Transverse
grieta174.jpg,5.928478,-4.1880407,9.988104,-5.3768063,G-Transverse
grieta175.jpg,3.826758,-4.335979,10.919974,-3.6191041,G-Transverse
grieta176.jpg,1.8428253,-4.257656,9.375276,-1.0293248,G-Transverse
grieta177.jpg,0.97163236,-5.444311,8.110412,1.5121266,G-Transverse
grieta178.jpg,0.67973673,-6.468245,4.985893,4.4984856,G-Transverse
grieta179.jpg,1.2912043,-7.446555,3.516227,6.101884,G-Transverse
grieta180.jpg,2.3533552,-8.207794,3.1691937,6.1462774,G-Transverse
grieta181.jpg,3.4807632,-8.483878,2.2664917,6.2911425,G-Transverse
grieta182.jpg,5.394374,-8.896491,2.6851811,5.6730857,G-Transverse
grieta183.jpg,7.1478705,-8.916764,2.7769084,4.5820756,G-Transverse
grieta184.jpg,9.111614,-8.725405,3.9825687,3.419987,G-Transverse
grieta185.jpg,10.0738,-7.658024,4.1967044,1.9431624,G-Transverse
grieta186.jpg,10.526785,-6.619308,5.564261,1.5807972,G-Transverse
grieta187.jpg,9.655122,-3.583036,6.4164243,2.0935009,G-Transverse
grieta188.jpg,7.703599,0.48164394,8.692146,1.9779356,G-Transverse
grieta189.jpg,5.134177,3.1124835,7.9280524,2.2998497,G-Transverse
grieta190.jpg,1.647015,5.3521256,7.9200473,2.741805,G-Transverse
grieta191.jpg,-1.8249905,6.1608596,6.9449916,2.6639361,G-Transverse
grieta192.jpg,-2.785048,5.1807384,6.1962323,3.2373765,G-Transverse
grieta193.jpg,-1.1762995,-5.4408245,4.3054814,1.1709999,G-Transverse
grieta194.jpg,-0.12905268,-7.953883,3.5880382,0.83074903,G-Transverse
grieta195.jpg,0.2554156,-8.794651,2.302361,0.3301817,G-Transverse
grieta196.jpg,1.205924,-9.921348,1.926373,-0.730186,G-Transverse
grieta197.jpg,1.8797755,-10.527757,2.1842265,-1.5994537,G-Transverse
grieta198.jpg,3.2264223,-10.767601,2.5185952,-2.2096002,G-Transverse
grieta199.jpg,5.4650836,-9.630418,3.568095,-2.287718,G-Transverse
grieta200.jpg,6.157478,-8.168111,4.343506,-3.8246977,G-Transverse
grieta201.jpg,1.8247463,-0.7345941,9.865456,-5.6247697,G-Longitudinal
grieta202.jpg,2.981727,-2.4826477,9.868827,-4.856584,G-Longitudinal
grieta203.jpg,4.214693,-0.2107968,9.697802,-3.7265875,G-Longitudinal
grieta204.jpg,5.122199,-4.2770586,9.800009,-0.16089894,G-Longitudinal
grieta205.jpg,7.096671,-5.9073663,7.962424,0.40566605,G-Longitudinal
grieta206.jpg,7.103254,-6.729565,4.2180195,2.640385,G-Longitudinal
grieta207.jpg,5.4472294,-7.8054237,1.843516,2.34152,G-Longitudinal
grieta208.jpg,2.0841076,-6.2600155,-2.652457,3.1695604,G-Longitudinal
grieta209.jpg,0.45069417,-7.292985,-0.89753217,2.940732,G-Longitudinal
grieta210.jpg,-0.91904026,-6.555761,-0.6922769,2.9764624,G-Longitudinal
grieta211.jpg,-1.5683988,-7.356079,2.6862535,3.2206678,G-Longitudinal
grieta212.jpg,-1.0352004,-8.546604,4.491757,2.6415112,G-Longitudinal
grieta213.jpg,-0.8026925,-7.648836,6.102111,3.2956593,G-Longitudinal
grieta214.jpg,-0.20475766,-6.828547,7.351901,1.9784158,G-Longitudinal
grieta215.jpg,0.8477848,-3.9232953,8.308903,2.1407015,G-Longitudinal
grieta216.jpg,2.3823156,-3.2756114,9.960524,1.7548486,G-Longitudinal
grieta217.jpg,3.0825558,-2.447887,9.749378,2.3219893,G-Longitudinal
grieta218.jpg,5.801378,-4.387177,8.16618,2.8710938,G-Longitudinal
grieta219.jpg,6.0646963,-1.5283219,4.133493,3.4899325,G-Longitudinal
grieta220.jpg,7.933427,-2.2030356,1.185538,0.6594417,G-Longitudinal
grieta221.jpg,8.326925,-2.2529428,-0.5288298,-0.30372402,G-Longitudinal
grieta222.jpg,9.265684,-3.9159844,-0.35901815,-0.25051615,G-Longitudinal
grieta223.jpg,8.244083,-4.5481453,-1.6866095,-2.1303105,G-Longitudinal
grieta224.jpg,8.176336,-8.484254,-0.8176039,-2.3123984,G-Longitudinal
grieta225.jpg,6.1092668,-7.195177,-4.1949635,-3.0403318,G-Longitudinal
grieta226.jpg,4.4455266,-8.513509,-1.7004501,-5.1936016,G-Longitudinal
grieta227.jpg,2.8263478,-6.3187623,-2.300245,-5.692391,G-Longitudinal
grieta228.jpg,1.4799155,-4.254972,-0.35104993,-6.3546124,G-Longitudinal
grieta229.jpg,1.0121491,-4.4491115,1.8637009,-6.6230564,G-Longitudinal
grieta230.jpg,1.6979288,-5.0583253,6.680763,-7.424014,G-Longitudinal
grieta231.jpg,1.7194021,-3.1728613,8.087946,-7.4188747,G-Longitudinal
grieta232.jpg,1.9594517,-2.8273463,9.549727,-6.3783436,G-Longitudinal
grieta233.jpg,5.2238274,-8.546671,8.597331,1.4460082,G-Longitudinal
grieta234.jpg,5.6323347,-9.51096,6.120026,1.7691875,G-Longitudinal
grieta235.jpg,5.08139,-10.196136,5.480677,1.2098979,G-Longitudinal
grieta236.jpg,5.247161,-10.712044,4.3467355,0.522705,G-Longitudinal
grieta237.jpg,4.666409,-11.83103,4.865313,-0.5017903,G-Longitudinal
grieta238.jpg,3.5343454,-12.177126,4.8683753,-0.40316787,G-Longitudinal
grieta239.jpg,3.374143,-12.734961,5.773123,-1.5422411,G-Longitudinal
grieta240.jpg,3.5037289,-12.394561,6.023152,-2.1501431,G-Longitudinal
grieta241.jpg,3.5030475,-12.110299,7.1321087,-3.0220637,G-Longitudinal
grieta242.jpg,3.717422,-11.807161,8.274702,-4.579319,G-Longitudinal
grieta243.jpg,3.8104503,-10.983077,9.511613,-5.3987885,G-Longitudinal
grieta244.jpg,3.9491367,-10.272862,10.328315,-5.5001245,G-Longitudinal
grieta245.jpg,3.8525403,-9.592236,10.84106,-5.7837877,G-Longitudinal
grieta246.jpg,4.2526536,-9.266521,10.941177,-5.983631,G-Longitudinal
grieta247.jpg,5.257903,-9.135954,10.666615,-5.4432793,G-Longitudinal
grieta248.jpg,5.315857,-8.502891,10.855068,-5.960454,G-Longitudinal
grieta249.jpg,6.253064,-9.008975,10.697475,-5.746359,G-Longitudinal
grieta250.jpg,6.498282,-9.995426,10.101071,-5.4719663,G-Longitudinal
grieta251.jpg,6.382981,-10.869652,9.0500555,-5.3832293,G-Longitudinal
grieta252.jpg,6.004221,-11.535851,8.0423355,-5.1952615,G-Longitudinal
grieta253.jpg,5.067868,-11.275797,6.688311,-5.2836733,G-Longitudinal
grieta254.jpg,3.9176977,-10.946832,6.2953777,-5.710123,G-Longitudinal
grieta255.jpg,2.704265,-10.5042305,6.4518967,-5.319999,G-Longitudinal
grieta256.jpg,1.922354,-10.44563,8.039629,-5.102484,G-Longitudinal
grieta257.jpg,1.3563707,-10.247212,8.89839,-3.679655,G-Longitudinal
grieta258.jpg,1.1680411,-9.80391,9.638169,-2.7072875,G-Longitudinal
grieta259.jpg,1.209319,-9.404244,10.025125,-1.8177197,G-Longitudinal
grieta260.jpg,1.5396336,-8.835402,10.654704,-1.4915632,G-Longitudinal
grieta261.jpg,1.8357998,-7.8871274,11.11094,-1.0131063,G-Longitudinal
grieta262.jpg,3.0725954,-8.007211,11.733689,-1.2266521,G-Longitudinal
grieta263.jpg,4.330985,-8.221292,10.991701,-0.097237304,G-Longitudinal
grieta264.jpg,5.187819,-8.287969,10.185969,0.4170048,G-Longitudinal
grieta265.jpg,6.2576528,-4.883562,1.0194619,3.727444,G-Longitudinal
grieta266.jpg,4.818694,-8.043219,1.470583,3.3350806,G-Longitudinal
grieta267.jpg,1.2475027,-5.41009,-3.3156276,4.2332506,G-Longitudinal
grieta268.jpg,5.7482,-1.7666899,8.641727,4.601413,G-Longitudinal
grieta269.jpg,-0.9504081,-7.164248,0.24126105,3.4240093,G-Longitudinal
grieta270.jpg,-1.5847045,-7.611949,4.3329244,4.4593377,G-Longitudinal
grieta271.jpg,-0.9724468,-8.067601,5.312345,2.5821435,G-Longitudinal
grieta272.jpg,-0.76037973,-6.880884,6.220007,4.629392,G-Longitudinal
grieta273.jpg,-0.17434202,-5.163397,8.1257715,2.6885207,G-Longitudinal
grieta274.jpg,0.6191858,-1.0949892,8.771091,3.150788,G-Longitudinal
grieta275.jpg,3.9893315,-4.0973372,9.76196,3.4512239,G-Longitudinal
grieta276.jpg,3.2213538,-0.15327074,8.385371,4.3917966,G-Longitudinal
grieta277.jpg,6.2749963,-4.104491,7.324589,3.7399557,G-Longitudinal
grieta278.jpg,6.8824134,-0.82218146,2.4166718,3.8523142,G-Longitudinal
grieta279.jpg,8.396053,-1.7275785,0.95096725,2.1832278,G-Longitudinal
grieta280.jpg,7.388675,-0.9088634,-1.2477142,-0.56325924,G-Longitudinal
grieta281.jpg,9.76627,-5.2899275,0.7401085,0.2291939,G-Longitudinal
grieta282.jpg,1.8234645,-0.52003014,10.171413,-6.0108366,G-Longitudinal
grieta283.jpg,8.123045,-9.427633,0.5094439,-2.3492432,G-Longitudinal
grieta284.jpg,5.156811,-6.487877,-5.1362376,-3.7438846,G-Longitudinal
grieta285.jpg,3.819381,-7.087984,-2.0144205,-4.88102,G-Longitudinal
grieta286.jpg,1.9448789,-5.2485905,-2.3308206,-5.0835605,G-Longitudinal
grieta287.jpg,1.064195,-3.8487961,1.3339167,-6.7262115,G-Longitudinal
grieta288.jpg,-2.0608997,-5.522709,1.7712635,4.961859,G-Longitudinal
grieta289.jpg,1.6123435,-3.9550776,8.139968,-6.754959,G-Longitudinal
grieta290.jpg,1.3118699,-1.6330792,8.635259,-6.903579,G-Longitudinal
grieta291.jpg,2.0914204,-2.942438,9.455275,-6.0476594,G-Longitudinal
grieta292.jpg,1.6955644,1.9464074,10.095884,-5.3455806,G-Longitudinal
grieta293.jpg,3.3418436,-2.6754615,10.154381,-2.839753,G-Longitudinal
grieta294.jpg,5.0734096,-0.20184973,9.779211,-3.5384333,G-Longitudinal
grieta295.jpg,6.3857827,-5.3889856,9.590132,1.1780701,G-Longitudinal
grieta296.jpg,7.7100687,-7.7162333,8.191406,0.8115065,G-Longitudinal
grieta297.jpg,7.098806,-7.4966974,4.6526594,2.6632676,G-Longitudinal
grieta298.jpg,3.8918293,-5.095834,-2.3406851,4.014827,G-Longitudinal
grieta299.jpg,1.9435818,-7.1980624,-0.8767088,3.8356776,G-Longitudinal
grieta300.jpg,0.5108662,-6.4733233,-2.294271,2.9454005,G-Longitudinal
grieta301.jpg,-1.7533739,-5.4870257,0.27099743,4.5603223,G-Longitudinal
grieta302.jpg,-0.88620186,-8.53877,3.1670976,3.1101649,G-Longitudinal
grieta303.jpg,-1.0168229,-8.001644,5.533753,4.4899592,G-Longitudinal
grieta304.jpg,-0.6036025,-7.862717,6.4408693,2.741226,G-Longitudinal
grieta305.jpg,4.250282,-8.918698,-2.2221954,-4.4705696,G-Longitudinal
grieta306.jpg,0.94640553,-2.9517806,8.885518,2.2608309,G-Longitudinal
grieta307.jpg,1.9790301,-1.4549782,10.111635,1.7927092,G-Longitudinal
grieta308.jpg,5.3736873,-5.2759514,9.060114,3.8579898,G-Longitudinal
grieta309.jpg,5.303504,-1.0179994,5.8453097,5.2269864,G-Longitudinal
grieta310.jpg,8.965157,-1.7217939,0.3436329,2.2858715,G-Longitudinal
grieta311.jpg,7.1567388,-1.7818785,-0.6156674,0.08357947,G-Longitudinal
grieta312.jpg,9.1747055,-2.3062136,-0.15097988,1.6315048,G-Longitudinal
grieta313.jpg,7.4645567,-1.2852377,-1.4154857,-1.5668199,G-Longitudinal
grieta314.jpg,9.279418,-8.139719,0.9604354,-1.2405878,G-Longitudinal
grieta315.jpg,6.8517165,-6.2102985,-4.406266,-0.7831826,G-Longitudinal
grieta316.jpg,6.617718,-8.973333,-1.0278025,-2.838913,G-Longitudinal
grieta317.jpg,4.23951,-8.051004,-2.778175,-5.1217217,G-Longitudinal
grieta318.jpg,2.1120527,-4.4896164,-2.2391746,-5.5179744,G-Longitudinal
grieta319.jpg,0.6980189,-4.1776896,-1.0085676,-4.625686,G-Longitudinal
grieta320.jpg,1.0797633,-4.829825,4.369841,-6.612555,G-Longitudinal
grieta321.jpg,1.8528179,-4.140008,6.540722,-7.5889664,G-Longitudinal
grieta322.jpg,5.5030646,-13.80902,4.310143,0.6168727,G-Longitudinal
grieta323.jpg,1.1430881,-0.54353905,9.996778,-4.8343697,G-Longitudinal
grieta324.jpg,2.4103174,-2.7716582,9.376523,-4.8032565,G-Longitudinal
grieta325.jpg,2.989749,2.3243008,9.035423,-4.1459336,G-Longitudinal
grieta326.jpg,3.786008,-2.184315,10.028118,-0.47829106,G-Longitudinal
grieta327.jpg,6.5982637,-3.9931705,9.460947,-0.21860074,G-Longitudinal
grieta328.jpg,7.5143776,-5.4144793,6.0835524,3.2255106,G-Longitudinal
grieta329.jpg,1.129616,-6.663101,-1.4425839,4.082539,G-Longitudinal
grieta330.jpg,0.3224988,-7.2853904,-1.2278739,3.6111698,G-Longitudinal
grieta331.jpg,-1.9307258,-5.2921524,0.2925441,4.6733246,G-Longitudinal
grieta332.jpg,-1.1237955,-8.527083,3.2479153,3.4659755,G-Longitudinal
grieta333.jpg,-1.2028067,-8.000551,5.2674575,4.350921,G-Longitudinal
grieta334.jpg,-0.7634003,-7.496401,6.912989,3.9315853,G-Longitudinal
grieta335.jpg,1.2304024,-11.466819,7.067611,4.3578024,G-Longitudinal
grieta336.jpg,1.3935883,-3.8780909,8.651387,3.3779366,G-Longitudinal
grieta337.jpg,2.2299523,-1.8766191,10.486387,1.8184993,G-Longitudinal
grieta338.jpg,5.631877,-5.143975,9.593046,3.3078651,G-Longitudinal
grieta339.jpg,7.4627285,-1.88035,6.8237,4.1499214,G-Longitudinal
grieta340.jpg,7.3046446,-2.1630874,2.7314053,3.761669,G-Longitudinal
grieta341.jpg,7.6232586,-2.0776505,-1.0441504,0.97928923,G-Longitudinal
grieta342.jpg,9.305429,-2.8520613,-1.2220873,1.1062531,G-Longitudinal
grieta343.jpg,8.52443,-2.5427935,-2.2456956,-1.5704172,G-Longitudinal
grieta344.jpg,9.178047,-7.2004256,-0.028378192,-3.3767462,G-Longitudinal
grieta345.jpg,7.4623117,-7.5490713,-3.9829907,-2.1912034,G-Longitudinal
grieta346.jpg,6.3594785,-7.89158,-3.2519453,-4.0148106,G-Longitudinal
grieta347.jpg,4.2231436,-8.1347885,-1.8649262,-6.3869786,G-Longitudinal
grieta348.jpg,2.691535,-4.735195,-2.154974,-6.4314694,G-Longitudinal
grieta349.jpg,2.691535,-4.735195,-2.154974,-6.4314694,G-Longitudinal
grieta350.jpg,1.2449847,-4.906232,3.6066585,-7.2848988,G-Longitudinal
grieta351.jpg,1.8922652,-4.040743,6.985815,-8.548194,G-Longitudinal
grieta352.jpg,2.2705507,-4.025967,9.504349,-7.182153,G-Longitudinal
grieta353.jpg,1.898158,-1.7870985,10.399061,-6.210325,G-Longitudinal
grieta354.jpg,2.5275633,-3.4248552,10.213062,-5.6067877,G-Longitudinal
grieta355.jpg,3.8605611,0.36612335,10.067774,-5.2016487,G-Longitudinal
grieta356.jpg,4.079435,-2.9539921,10.452146,-1.8293685,G-Longitudinal
grieta357.jpg,5.816712,-5.5770974,9.9659605,-0.43434972,G-Longitudinal
grieta358.jpg,7.816089,-6.3350725,6.4892025,2.4996889,G-Longitudinal
grieta359.jpg,7.432989,-11.06776,10.487666,-3.7447782,G-Longitudinal
grieta360.jpg,3.9028814,-7.103872,-1.2351961,3.6991446,G-Longitudinal
grieta361.jpg,5.222081,-1.4513284,10.036869,-0.8042509,G-Longitudinal
grieta362.jpg,6.653091,-4.882536,8.606146,1.9431672,G-Longitudinal
grieta363.jpg,7.74854,-6.2166605,4.904458,2.7896116,G-Longitudinal
grieta364.jpg,3.925712,-9.519337,12.589423,-5.015942,G-Longitudinal
grieta365.jpg,3.5318658,-6.997422,-1.0419011,4.15234,G-Longitudinal
grieta366.jpg,0.7386312,-5.720834,-2.281305,4.7894244,G-Longitudinal
grieta367.jpg,-0.5165386,-6.976731,-0.34708095,4.231462,G-Longitudinal
grieta368.jpg,-1.8343575,-6.366202,1.2276464,4.608549,G-Longitudinal
grieta369.jpg,-1.2547764,-8.386715,4.5247808,4.3300796,G-Longitudinal
grieta370.jpg,-1.0658488,-7.680985,5.694315,4.128389,G-Longitudinal
grieta371.jpg,-0.5873205,-6.652265,6.797731,4.4516454,G-Longitudinal
grieta372.jpg,0.17907678,-4.780152,8.154191,3.3776648,G-Longitudinal
grieta373.jpg,1.0909585,-2.1544728,9.202118,3.4992266,G-Longitudinal
grieta374.jpg,3.224877,-2.3433342,10.078698,3.7132945,G-Longitudinal
grieta375.jpg,5.0752254,-3.0899734,7.735634,4.931978,G-Longitudinal
grieta376.jpg,6.3948665,-1.1754117,5.3322716,4.0635614,G-Longitudinal
grieta377.jpg,7.4123864,-1.1881541,1.5248325,3.508378,G-Longitudinal
grieta378.jpg,8.040899,-1.6551622,-0.850464,0.87549746,G-Longitudinal
grieta379.jpg,8.859276,-1.6852379,-0.2691064,0.7929654,G-Longitudinal
grieta380.jpg,8.922305,-4.9951077,-1.2023898,-0.14627343,G-Longitudinal
grieta381.jpg,8.263009,-6.0037827,-2.6069546,-1.3540725,G-Longitudinal
grieta382.jpg,7.076754,-8.495201,-2.8206918,-1.9119507,G-Longitudinal
grieta383.jpg,5.13454,-6.747046,-4.5748563,-3.8922446,G-Longitudinal
grieta384.jpg,2.9503226,-6.683275,-2.4643028,-5.200324,G-Longitudinal
grieta385.jpg,1.5421243,-4.282288,-1.9342444,-5.138699,G-Longitudinal
grieta386.jpg,0.8937481,-4.3939576,1.6985488,-6.492887,G-Longitudinal
grieta387.jpg,0.9953364,-3.783566,4.696081,-6.991032,G-Longitudinal
grieta388.jpg,1.6511317,-3.2009442,8.412505,-7.237911,G-Longitudinal
grieta389.jpg,1.3984318,-1.8439234,9.481092,-5.9266086,G-Longitudinal
grieta390.jpg,1.7186029,-1.2641665,9.970103,-5.3620176,G-Longitudinal
grieta391.jpg,2.0707262,0.36696583,10.139745,-4.269753,G-Longitudinal
grieta392.jpg,3.8090768,-0.70061237,10.3566265,-2.2850056,G-Longitudinal
grieta393.jpg,7.8561773,-5.731218,4.163137,3.3110094,G-Longitudinal
grieta394.jpg,7.2368264,-5.910663,1.6723378,3.4208498,G-Longitudinal
grieta395.jpg,4.498083,-6.685347,-0.5795953,3.496329,G-Longitudinal
grieta396.jpg,2.4233482,-6.311027,-1.7659932,3.4861772,G-Longitudinal
grieta397.jpg,0.9354245,-6.362126,-1.3334091,3.569408,G-Longitudinal
grieta398.jpg,-0.24410091,-6.7768755,0.2227285,3.4226203,G-Longitudinal
grieta399.jpg,-0.43785194,-7.248845,4.820383,3.0107844,G-Longitudinal
grieta400.jpg,0.11865665,-8.020312,6.059773,3.4109826,G-Longitudinal
grieta401.jpg,1.261608,1.6699946,0.9406671,-0.1723162,Healthy-pavement
grieta402.jpg,0.92066664,1.5108048,0.6523296,0.24965267,Healthy-pavement
grieta403.jpg,1.0176538,1.3331481,1.4302968,0.35763687,Healthy-pavement
grieta404.jpg,1.8352859,0.57979214,0.18756334,0.5244872,Healthy-pavement
grieta405.jpg,1.2838039,1.2338122,0.83436584,-0.5181338,Healthy-pavement
grieta406.jpg,1.649142,0.59566617,0.84565175,-0.4190404,Healthy-pavement
grieta407.jpg,3.0560737,1.410752,1.0107391,0.035276443,Healthy-pavement
grieta408.jpg,1.8713359,1.6196024,2.4572825,-0.663137,Healthy-pavement
grieta409.jpg,2.4400654,0.57538027,-0.47243384,-0.0064636925,Healthy-pavement
grieta410.jpg,3.0957892,1.2747575,1.8116581,-0.23542899,Healthy-pavement
grieta411.jpg,2.1829405,1.9132181,3.2716582,-2.327481,Healthy-pavement
grieta412.jpg,1.9041337,-0.2593093,0.52563715,-2.6210787,Healthy-pavement
grieta413.jpg,3.8032231,1.002212,1.5759289,-2.397361,Healthy-pavement
grieta414.jpg,2.624531,0.38191664,2.6826222,-2.00695,Healthy-pavement
grieta415.jpg,2.6336288,-0.117002845,0.6295478,-1.5971066,Healthy-pavement
grieta416.jpg,5.265605,-1.9617289,0.63281655,-0.21500555,Healthy-pavement
grieta417.jpg,3.542487,-2.012827,1.2217104,-0.074548095,Healthy-pavement
grieta418.jpg,3.3515158,-2.7659407,0.536728,0.038827926,Healthy-pavement
grieta419.jpg,3.9570887,-2.2520897,1.7636304,-0.6360437,Healthy-pavement
grieta420.jpg,3.4961727,-2.329213,0.7265322,-1.6165993,Healthy-pavement
grieta421.jpg,0.9846164,1.3082054,2.9294095,-1.4580879,Healthy-pavement
grieta422.jpg,0.65758556,-0.6319756,-0.5111047,-1.3787224,Healthy-pavement
grieta423.jpg,2.017761,1.1010375,2.1081517,-1.3101894,Healthy-pavement
grieta424.jpg,0.56563824,0.16855766,1.225385,-1.4929639,Healthy-pavement
grieta425.jpg,1.2924441,0.0016436949,0.04829867,-0.59116375,Healthy-pavement
grieta426.jpg,3.768552,-11.751381,9.050057,0.21202512,Healthy-pavement
grieta427.jpg,3.0162146,-10.836137,10.22277,-0.2932676,Healthy-pavement
grieta428.jpg,4.4515934,-11.803158,9.72803,-1.7099198,Healthy-pavement
grieta429.jpg,4.540894,-11.551186,10.161827,-1.9865651,Healthy-pavement
grieta430.jpg,3.4464042,-11.738188,9.465152,-0.5706912,Healthy-pavement
grieta431.jpg,5.916729,-12.287558,9.361207,-2.172794,Healthy-pavement
grieta432.jpg,5.114133,-11.729614,9.865589,-1.9296544,Healthy-pavement
grieta433.jpg,5.4394727,-12.557267,8.895455,-1.7782954,Healthy-pavement
grieta434.jpg,5.1011653,-11.535331,9.849572,-1.500454,Healthy-pavement
grieta435.jpg,5.1559396,-12.137547,9.460057,-2.0633845,Healthy-pavement
grieta436.jpg,2.8775227,-11.582007,8.413924,1.52796,Healthy-pavement
grieta437.jpg,2.2280536,-11.712542,8.322493,1.5989383,Healthy-pavement
grieta438.jpg,3.8391912,-12.216883,8.197655,0.61971116,Healthy-pavement
grieta439.jpg,2.818025,-11.500122,8.924157,0.62553906,Healthy-pavement
grieta440.jpg,3.024737,-12.481495,7.8746276,0.790494,Healthy-pavement
grieta441.jpg,4.0079765,-11.026292,10.54559,-1.6189352,Healthy-pavement
grieta442.jpg,3.137296,-11.2325115,10.290027,-1.3967992,Healthy-pavement
grieta443.jpg,3.9800034,-11.177283,10.481557,-1.8750335,Healthy-pavement
grieta444.jpg,3.6843953,-10.840415,10.832815,-2.1396773,Healthy-pavement
grieta445.jpg,3.891033,-11.537464,10.28591,-2.1988578,Healthy-pavement
grieta446.jpg,6.0993795,-11.850824,8.128292,1.5439457,Healthy-pavement
grieta447.jpg,5.761318,-11.825878,8.286599,1.2259333,Healthy-pavement
grieta448.jpg,6.1612496,-12.358588,7.624377,1.3256347,Healthy-pavement
grieta449.jpg,5.692399,-11.8908,8.056242,2.0796618,Healthy-pavement
grieta450.jpg,5.079597,-11.981376,7.9822273,1.8817052,Healthy-pavement
grieta451.jpg,0.99635607,2.0282416,1.3008399,-0.87521875,Healthy-pavement
grieta452.jpg,1.2710872,1.7561004,0.78459966,-0.95493317,Healthy-pavement
grieta453.jpg,1.1813025,2.0208216,1.3082435,-0.49355972,Healthy-pavement
grieta454.jpg,1.0528184,1.7720518,1.0313345,-0.35351193,Healthy-pavement
grieta455.jpg,1.1570095,1.9898883,1.2398444,-0.44911212,Healthy-pavement
grieta456.jpg,2.9832613,1.0884343,0.3588657,-1.2854084,Healthy-pavement
grieta457.jpg,2.0788963,1.4499956,1.3804057,-0.94716376,Healthy-pavement
grieta458.jpg,2.2015805,0.47685003,0.29663602,-1.1141896,Healthy-pavement
grieta459.jpg,2.1123207,1.8101518,1.3569868,-2.0427732,Healthy-pavement
grieta460.jpg,2.2392464,0.6170326,0.15226398,-1.8997209,Healthy-pavement
grieta461.jpg,1.2225026,1.8985198,1.053775,-0.71948344,Healthy-pavement
grieta462.jpg,1.2225026,1.8985198,1.053775,-0.71948344,Healthy-pavement
grieta463.jpg,1.2225026,1.8985198,1.053775,-0.71948344,Healthy-pavement
grieta464.jpg,1.2225026,1.8985198,1.053775,-0.71948344,Healthy-pavement
grieta465.jpg,1.7851621,1.6327434,1.044248,-0.55543697,Healthy-pavement
grieta466.jpg,1.1408684,1.938322,1.2380569,-0.8134886,Healthy-pavement
grieta467.jpg,1.2449347,1.6736748,0.85695213,-0.92816085,Healthy-pavement
grieta468.jpg,1.2649977,1.8563039,1.0094655,-0.6061748,Healthy-pavement
grieta469.jpg,1.1363615,1.8808051,1.1506524,-0.61700153,Healthy-pavement
grieta470.jpg,1.1929193,1.8101801,0.9623699,-0.57245684,Healthy-pavement
grieta471.jpg,2.914574,1.6294509,1.1182903,-0.7010329,Healthy-pavement
grieta472.jpg,2.1834757,1.856939,2.1826556,-0.6694502,Healthy-pavement
grieta473.jpg,2.2275925,0.9282706,0.915511,-0.41366518,Healthy-pavement
grieta474.jpg,2.0112927,2.3389356,2.3147748,-1.2536839,Healthy-pavement
grieta475.jpg,2.0527458,1.0669689,0.885395,-1.4949689,Healthy-pavement
grieta476.jpg,1.8532609,-12.0338745,8.036542,1.3116919,Healthy-pavement
grieta477.jpg,2.0413833,-11.971682,8.221891,1.0700449,Healthy-pavement
grieta478.jpg,2.2792044,-12.239271,8.144026,0.37994722,Healthy-pavement
grieta479.jpg,2.4295166,-12.259263,8.217543,0.2565291,Healthy-pavement
grieta480.jpg,2.0743313,-12.269545,7.8989367,0.8355089,Healthy-pavement
grieta481.jpg,1.812952,-11.681347,6.834369,3.415774,Healthy-pavement
grieta482.jpg,1.8177292,-11.646203,6.8494744,3.5509205,Healthy-pavement
grieta483.jpg,1.7088047,-11.517502,6.919758,3.786662,Healthy-pavement
grieta484.jpg,1.8283705,-11.573025,6.9285846,3.5005329,Healthy-pavement
grieta485.jpg,2.0674567,-11.706566,6.894578,3.0290837,Healthy-pavement
grieta486.jpg,1.8576312,-11.417203,6.917064,3.7735264,Healthy-pavement
grieta487.jpg,1.2303263,-11.770019,6.627413,4.291093,Healthy-pavement
grieta488.jpg,1.8966372,-11.245119,6.9877386,4.370124,Healthy-pavement
grieta489.jpg,1.5771577,-11.649533,6.96894,3.6315305,Healthy-pavement
grieta490.jpg,3.0353587,-11.943902,6.554582,2.9308147,Healthy-pavement
grieta491.jpg,2.4978905,-11.247923,9.107723,0.5166148,Healthy-pavement
grieta492.jpg,2.7312586,-11.840186,8.6533165,0.010216753,Healthy-pavement
grieta493.jpg,2.966399,-11.569269,9.042297,-0.022203092,Healthy-pavement
grieta494.jpg,2.5023713,-11.750567,8.6231365,0.28292364,Healthy-pavement
grieta495.jpg,2.9481132,-11.832033,8.532357,0.31545925,Healthy-pavement
grieta496.jpg,1.7833629,-11.392227,7.592242,3.0591393,Healthy-pavement
grieta497.jpg,3.203136,-11.584436,7.59074,2.3443763,Healthy-pavement
grieta498.jpg,2.6229503,-11.681473,7.6402855,1.9102165,Healthy-pavement
grieta499.jpg,2.493322,-11.67945,7.349613,2.475379,Healthy-pavement
grieta500.jpg,2.1705816,-11.241605,7.5894814,3.2762053,Healthy-pavement
grieta501.jpg,7.620854,-12.439868,10.5836315,-4.0245237,G-alligator
grieta502.jpg,7.884444,-12.776609,9.901806,-3.0163355,G-alligator
grieta503.jpg,7.9791727,-12.680252,10.284462,-3.499762,G-alligator
grieta504.jpg,7.9653225,-12.092702,10.597165,-3.7012386,G-alligator
grieta505.jpg,7.7420154,-12.417538,10.505475,-3.759923,G-alligator
grieta506.jpg,7.9988327,-12.46547,10.528096,-4.0635996,G-alligator
grieta507.jpg,7.443342,-12.92793,10.274159,-3.8409386,G-alligator
grieta508.jpg,8.840631,-12.791109,10.0376,-3.892766,G-alligator
grieta509.jpg,8.27159,-12.337665,10.439924,-3.779486,G-alligator
grieta510.jpg,7.579715,-12.889232,10.247642,-3.155011,G-alligator
grieta511.jpg,3.3572245,-9.404634,11.913484,-2.631874,G-alligator
grieta512.jpg,3.4062436,-9.084785,12.485267,-3.3644946,G-alligator
grieta513.jpg,3.3714702,-9.19981,11.805952,-2.2638206,G-alligator
grieta514.jpg,2.9247773,-9.277946,12.129797,-2.5697758,G-alligator
grieta515.jpg,3.0132496,-9.375015,11.664042,-2.0241396,G-alligator
grieta516.jpg,3.4435704,-9.2637,12.263269,-3.1606228,G-alligator
grieta517.jpg,3.5590787,-9.201888,11.957795,-2.7217157,G-alligator
grieta518.jpg,3.074543,-9.317224,12.277657,-2.9884624,G-alligator
grieta519.jpg,3.381823,-9.249501,11.874051,-2.5640717,G-alligator
grieta520.jpg,2.9835265,-9.562703,11.960299,-2.539434,G-alligator
grieta521.jpg,1.5274341,-12.167423,6.518478,6.2388144,G-alligator
grieta522.jpg,1.4811908,-12.015268,6.586062,6.8905454,G-alligator
grieta523.jpg,1.0372273,-11.828152,6.6907516,7.2858377,G-alligator
grieta524.jpg,0.64328146,-12.024174,6.7161746,7.2223153,G-alligator
grieta525.jpg,0.53834456,-12.259223,6.792881,7.607465,G-alligator
grieta526.jpg,0.67521495,-12.35236,6.6980777,7.494961,G-alligator
grieta527.jpg,1.3019593,-11.808874,6.728085,7.2351027,G-alligator
grieta528.jpg,1.4852291,-11.627873,6.7556887,7.195665,G-alligator
grieta529.jpg,0.8985936,-11.840182,6.69031,7.0250673,G-alligator
grieta530.jpg,0.8172093,-12.2539835,6.466678,6.487173,G-alligator
grieta531.jpg,8.342755,-12.257326,9.096529,-1.2575785,G-alligator
grieta532.jpg,8.085165,-12.249768,9.031657,-0.97253656,G-alligator
grieta533.jpg,7.9491973,-12.29488,8.888364,-0.86978567,G-alligator
grieta534.jpg,7.7679296,-12.549042,8.623096,-0.7555656,G-alligator
grieta535.jpg,8.60969,-12.666285,8.364921,-0.71231407,G-alligator
grieta536.jpg,8.176249,-11.995891,8.90557,-0.32842833,G-alligator
grieta537.jpg,7.1029773,-11.9075,8.9947605,-0.08774604,G-alligator
grieta538.jpg,7.7948065,-12.27012,8.98048,-1.0400215,G-alligator
grieta539.jpg,8.027795,-12.471886,8.732236,-0.8277161,G-alligator
grieta540.jpg,8.180912,-12.360777,8.879827,-0.9442098,G-alligator
grieta541.jpg,8.264119,-12.675481,7.826367,2.4091547,G-alligator
grieta542.jpg,8.79881,-12.475807,7.880899,2.3379254,G-alligator
grieta543.jpg,8.679915,-12.306353,8.065585,2.280265,G-alligator
grieta544.jpg,7.792415,-12.225222,7.82372,3.0164206,G-alligator
grieta545.jpg,7.281676,-12.597252,7.7570934,2.6686602,G-alligator
grieta546.jpg,7.7359514,-12.437626,7.5422254,2.8610752,G-alligator
grieta547.jpg,8.249365,-12.333387,7.8091936,2.9460075,G-alligator
grieta548.jpg,7.889906,-12.10072,7.697481,3.2119484,G-alligator
grieta549.jpg,7.800607,-12.334503,7.8369446,2.7070606,G-alligator
grieta550.jpg,8.460423,-12.524792,7.719811,3.1912026,G-alligator
grieta551.jpg,3.0702074,-10.855049,9.86827,0.30034515,G-alligator
grieta552.jpg,2.1500664,-11.518083,8.424606,1.9468805,G-alligator
grieta553.jpg,3.2517877,-11.967209,8.096703,2.016619,G-alligator
grieta554.jpg,4.9468856,-12.442656,7.5423274,2.6218052,G-alligator
grieta555.jpg,6.5497327,-12.467294,8.474049,1.4303321,G-alligator
grieta556.jpg,3.087035,-11.134871,9.293031,1.423653,G-alligator
grieta557.jpg,1.8031595,-11.640679,7.8817077,3.1377857,G-alligator
grieta558.jpg,2.172154,-12.342467,6.9342933,3.705317,G-alligator
grieta559.jpg,4.5329156,-12.540965,8.22883,0.7650994,G-alligator
grieta560.jpg,7.579715,-12.889232,10.247642,-3.155011,G-alligator
grieta561.jpg,2.5699587,-11.772116,7.9174023,2.4506896,G-alligator
grieta562.jpg,3.3043385,-11.802782,6.96858,4.555484,G-alligator
grieta563.jpg,4.7233167,-12.073893,7.405427,3.5027688,G-alligator
grieta564.jpg,4.095779,-11.750369,8.062601,3.1270473,G-alligator
grieta565.jpg,1.6602567,-11.283017,8.1855135,2.6831195,G-alligator
grieta566.jpg,0.97674555,-11.979159,7.5243893,2.9606545,G-alligator
grieta567.jpg,1.7586371,-12.541561,7.630869,1.5203457,G-alligator
grieta568.jpg,3.285746,-12.502918,8.998477,-1.6468838,G-alligator
grieta569.jpg,4.1691365,-11.626527,10.762333,-2.7875173,G-alligator
grieta570.jpg,2.9835265,-9.562703,11.960299,-2.539434,G-alligator
grieta571.jpg,1.48959,-12.551852,6.840745,3.1700158,G-alligator
grieta572.jpg,2.092109,-12.360101,8.70925,-0.43216157,G-alligator
grieta573.jpg,2.4296787,-12.702231,9.297033,-2.4802687,G-alligator
grieta574.jpg,2.3709106,-12.792804,8.210854,-1.6180443,G-alligator
grieta575.jpg,3.4263554,-12.810117,8.500194,-1.7760203,G-alligator
grieta576.jpg,4.768641,-11.842854,10.237053,-2.8100605,G-alligator
grieta577.jpg,5.0429926,-11.7674675,7.3987894,2.7758615,G-alligator
grieta578.jpg,3.57356,-11.276404,7.1580534,4.5748057,G-alligator
grieta579.jpg,2.1834972,-11.7683525,6.8169756,5.736216,G-alligator
grieta580.jpg,0.8172093,-12.2539835,6.466678,6.487173,G-alligator
grieta581.jpg,5.07555,-11.542102,7.6668053,2.9549756,G-alligator
grieta582.jpg,4.0228877,-11.403876,7.3493977,4.1849284,G-alligator
grieta583.jpg,3.8431466,-11.555379,7.3047547,4.049351,G-alligator
grieta584.jpg,3.8729775,-11.856604,7.142686,4.028111,G-alligator
grieta585.jpg,4.14077,-12.100959,7.948902,2.2537174,G-alligator
grieta586.jpg,2.4059231,-11.7106085,8.41508,1.5925764,G-alligator
grieta587.jpg,2.4587555,-11.915351,8.597587,0.46161416,G-alligator
grieta588.jpg,3.2793732,-11.994018,9.2424555,-1.1996824,G-alligator
grieta589.jpg,4.999572,-12.021762,9.854986,-2.2140107,G-alligator
grieta590.jpg,8.180912,-12.360777,8.879827,-0.9442098,G-alligator
grieta591.jpg,6.038566,-11.7767315,7.5429296,3.8681989,G-alligator
grieta592.jpg,4.3825436,-11.662038,7.56857,3.936967,G-alligator
grieta593.jpg,3.175764,-11.651371,7.5226374,3.594912,G-alligator
grieta594.jpg,4.008028,-12.270048,7.470181,2.4851618,G-alligator
grieta595.jpg,6.075969,-12.4862585,8.280571,-0.22239323,G-alligator
grieta596.jpg,5.291345,-11.541581,9.239064,-0.24114788,G-alligator
grieta597.jpg,4.785687,-11.468735,8.640755,1.2083046,G-alligator
grieta598.jpg,5.099124,-11.576509,7.6213455,2.9752932,G-alligator
grieta599.jpg,5.8455567,-11.982519,7.1988134,3.7152832,G-alligator
grieta600.jpg,8.460423,-12.524792,7.719811,3.1912026,G-alligator
