name,principal component 1,principal component 2,principal component 3,principal component 4,Class
grieta1.jpg,-2.3179071820671675,0.19678146541330901,0.010035978374225827,0.022636791686341928,G-Transverse
grieta2.jpg,-2.3110116061784294,0.1642361072135348,-0.07622300262507811,0.10249183075530877,G-Transverse
grieta3.jpg,-2.326776651328663,0.09528990247445931,-0.16080658106754941,0.07745598465963685,G-Transverse
grieta4.jpg,-2.322910360677484,0.08351492370235028,-0.14700548773047725,0.05541147712592656,G-Transverse
grieta5.jpg,-2.3225530916861827,0.07996098867352039,-0.09115527391005868,0.015170528076906489,G-Transverse
grieta6.jpg,-2.323956474904279,0.1282907106222412,-0.09606516637770737,0.030554500490959865,G-Transverse
grieta7.jpg,-2.322882680287782,0.15100598869382845,-0.07680980357666935,0.029673062648471693,G-Transverse
grieta8.jpg,-2.327169471248461,0.12831052610975682,-0.06948316810131519,0.06944252284216358,G-Transverse
grieta9.jpg,-2.3180002189113242,0.07896198767845226,-0.08409104863975751,0.04672365526320291,G-Transverse
grieta10.jpg,-2.3106362082310117,0.019225064876500022,-0.1179024749819342,0.01793089644849442,G-Transverse
grieta11.jpg,-2.321818065481662,-0.02946116964453461,-0.03038769346471635,0.03925786246791919,G-Transverse
grieta12.jpg,-2.318444783911561,-0.10748767565600825,-0.04172812212062198,0.02678508021711149,G-Transverse
grieta13.jpg,-2.321697216997533,-0.17734153051500645,-0.11161788065831904,0.08998092952198357,G-Transverse
grieta14.jpg,-2.322832868782148,-0.1947856683917756,-0.10858944104480299,0.11960197851849451,G-Transverse
grieta15.jpg,-2.321211140732481,-0.21647868979309198,-0.05739647586377098,0.10215024775242464,G-Transverse
grieta16.jpg,-2.3231949023525815,-0.21591734033171056,-0.00042744632341318165,0.01514144774748458,G-Transverse
grieta17.jpg,-2.3251498258645067,-0.1856959139528418,-0.0741044755395191,-0.085520647044361,G-Transverse
grieta18.jpg,-2.321763970450604,-0.15307774583689107,-0.06740894434239386,-0.19913504441237284,G-Transverse
grieta19.jpg,-2.345810697344398,-0.06950333215649944,-0.04712527471338061,-0.2160091259873618,G-Transverse
grieta20.jpg,-2.3340159424982976,-0.1099809963098661,-0.008176453741028378,-0.09522275288930583,G-Transverse
grieta21.jpg,-2.3347187202602226,-0.07092041885002934,0.05332498777926082,0.08087095794093171,G-Transverse
grieta22.jpg,-2.3263115054217263,-0.03085722813569942,0.08051657086932983,0.16031163199061702,G-Transverse
grieta23.jpg,-2.335430385514414,0.017764322999569936,0.07723554986268649,0.0771715245727569,G-Transverse
grieta24.jpg,-2.3280650919721553,0.031412682298087836,0.16241091657504764,0.029674132341450537,G-Transverse
grieta25.jpg,-2.3185127041966096,0.10264557500074505,0.12253741330812719,-0.059337263841214564,G-Transverse
grieta26.jpg,-2.310999141816769,0.1042534107567473,0.11413376688791457,-0.040652710834320906,G-Transverse
grieta27.jpg,-2.321245261292907,0.09201570123105517,0.14888099888900624,-0.05216494423414442,G-Transverse
grieta28.jpg,-2.3176027577010014,0.07264856135768806,0.22568437304115957,0.016783842267206785,G-Transverse
grieta29.jpg,-2.321258211762184,0.17495296073543615,0.04672820387809484,-0.01321802459372039,G-Transverse
grieta30.jpg,-2.3194167592838606,0.228249506134873,0.015550363246407356,-0.05890559646872826,G-Transverse
grieta31.jpg,-2.3159866359701957,0.17808880022264315,0.1062634698394452,-0.048867369452713756,G-Transverse
grieta32.jpg,-2.322932639748276,0.19807012756995096,0.05648274774763732,-0.05824474360598325,G-Transverse
grieta33.jpg,-1.5998681825363479,-0.2234101373648871,-0.21731578482870412,-0.23397021141789381,G-Transverse
grieta34.jpg,-1.6461105654732358,-0.15978370903290956,-0.19575976887045296,0.017511503030795437,G-Transverse
grieta35.jpg,-1.6128925086620023,-0.15225735138830324,-0.17629440461195006,0.0987711568142463,G-Transverse
grieta36.jpg,-1.6049947567271416,-0.20857150344477532,-0.008311930356581208,0.23984536355297661,G-Transverse
grieta37.jpg,-1.592501133591117,-0.21941881990401474,0.09784361394975241,0.24944044155491954,G-Transverse
grieta38.jpg,-1.5793293984429706,-0.21584244781986847,0.031334763932318384,0.17695849542615574,G-Transverse
grieta39.jpg,-1.596489868918911,-0.27260021054310274,0.04357320359342775,0.15750196647153686,G-Transverse
grieta40.jpg,-1.5836100326439146,-0.3087431342061297,0.18264700477768,0.17006496734417564,G-Transverse
grieta41.jpg,-1.565992840917082,-0.31243760860265857,0.20795581891095968,0.14741519984383933,G-Transverse
grieta42.jpg,-1.5746957239831847,-0.1655029051475604,0.190226106483275,0.07263881744977041,G-Transverse
grieta43.jpg,-1.6112358080398734,-0.12690223993243954,0.16255301007590603,-0.05789548357157857,G-Transverse
grieta44.jpg,-1.5255314821576331,-0.01309954021984244,0.11921102554199395,-0.29457909476966027,G-Transverse
grieta45.jpg,-1.6387222728630937,0.07459396081948014,0.1425550248064482,-0.3438851999955078,G-Transverse
grieta46.jpg,-1.6042862692562145,0.17000658629661253,0.15269007766801632,-0.16287020086295997,G-Transverse
grieta47.jpg,-1.5649073495698784,0.19761059183427332,0.15474058962567253,0.14889174526836033,G-Transverse
grieta48.jpg,-1.5881963719185939,0.24582336448282072,0.052454013390614354,0.23632707970805863,G-Transverse
grieta49.jpg,-1.5991630456302077,0.20359164162167126,0.1272738032613639,0.27423499477497354,G-Transverse
grieta50.jpg,-1.5911002809309438,0.2608764574481135,0.05070828604057986,0.21889681705666322,G-Transverse
grieta51.jpg,-1.6018402485310712,0.37204945065831774,0.005659116283928802,0.08218662123639817,G-Transverse
grieta52.jpg,-1.604595099428659,0.37333302461794143,0.0959392157771216,0.07310254115736423,G-Transverse
grieta53.jpg,-1.6364649642628775,0.3695852035504339,0.08227525753332,0.0833471977244058,G-Transverse
grieta54.jpg,-1.6068843809214752,0.3858086090692316,0.024429108665571145,0.11456321011172435,G-Transverse
grieta55.jpg,-1.6246283526899885,0.44442025275559527,-0.04704155423623278,0.10210462586998119,G-Transverse
grieta56.jpg,-1.5995874847953337,0.3692330381043963,0.002575933160610217,0.07535432910866496,G-Transverse
grieta57.jpg,-1.6287486671803952,0.30449513853715127,-0.04564380688839472,0.035826432733370224,G-Transverse
grieta58.jpg,-1.5944267323332935,0.19093509631250283,-0.1290843914703603,0.12225702501704082,G-Transverse
grieta59.jpg,-1.5997787399711416,0.10277599695110297,-0.15540652075507072,0.24410570148419167,G-Transverse
grieta60.jpg,-1.6059405096933832,-0.06837716167734509,-0.26594462589296997,0.3167955888158522,G-Transverse
grieta61.jpg,-1.6330431066418787,-0.19888670272840464,-0.29431200073125324,0.28585893917208877,G-Transverse
grieta62.jpg,-1.5693619564656063,-0.28436126339937506,-0.3149833248720707,0.22754897206654026,G-Transverse
grieta63.jpg,-1.5232538028011768,-0.2868765103927386,-0.3821223884213585,-0.05588648137019454,G-Transverse
grieta64.jpg,-1.3851836100997772,-0.33604471464419716,-0.3293667531739227,-0.31296320767611424,G-Transverse
grieta65.jpg,-2.32392375049606,0.14282951126702517,-0.0683086178225703,0.04149208919310134,G-Transverse
grieta66.jpg,-2.297647856283914,0.14494828452405709,-0.08598882282006715,0.021346709437951774,G-Transverse
grieta67.jpg,-2.315777310657353,0.10928714681098325,-0.10187611245612649,0.045102626869582586,G-Transverse
grieta68.jpg,-2.2968213378500235,0.07417823712898239,-0.046909865087648404,0.05915715351342655,G-Transverse
grieta69.jpg,-2.316233574273352,-0.009269009351491013,-0.08663863921739277,-0.018712896587585338,G-Transverse
grieta70.jpg,-2.279733262293448,-0.0827562825918579,-0.07725734727878908,0.055450440012189434,G-Transverse
grieta71.jpg,-2.3160266511914958,-0.11890589336468671,-0.08983113993942972,0.046627048103227986,G-Transverse
grieta72.jpg,-2.300197465638354,-0.18654562868821323,-0.09547141314968358,0.11484911315590507,G-Transverse
grieta73.jpg,-2.3223909829548575,-0.2088906778397791,-0.04241181247542936,0.08692383598314357,G-Transverse
grieta74.jpg,-2.2964178549718546,-0.2394163938937305,-0.08287914946949879,0.08987827870835419,G-Transverse
grieta75.jpg,-2.3120613469723237,-0.2054555889533185,0.008360998710081878,-0.03509515805015909,G-Transverse
grieta76.jpg,-2.289340741799461,-0.14870003974574658,-0.09763075801540316,-0.20673472510410723,G-Transverse
grieta77.jpg,-2.290412650317979,-0.1949995968958314,-0.04187092230497169,-0.24159954098336284,G-Transverse
grieta78.jpg,-2.279710185524924,-0.08800224813671764,-0.051467185426836905,-0.177897110858536,G-Transverse
grieta79.jpg,-2.3194715822335903,-0.10844027255115464,-0.012925399649029416,-0.05398193424224117,G-Transverse
grieta80.jpg,-2.326935423183067,-0.05738200367321739,0.045248895271476804,0.08639862279757311,G-Transverse
grieta81.jpg,-2.3306197022708557,-0.03260487807501539,0.11560997610315447,0.14402474479257898,G-Transverse
grieta82.jpg,-2.314620340344038,0.06491971191675434,0.07180865445194286,0.02401158182701388,G-Transverse
grieta83.jpg,-2.3177066058665496,0.05784512023152362,0.1171185479117202,0.029256805577752624,G-Transverse
grieta84.jpg,-2.2970576899752815,0.1053303822643712,0.13736549176848384,-0.09120226365492468,G-Transverse
grieta85.jpg,-2.316810171821711,0.05406048885930416,0.2179014666860832,-0.003167439824012708,G-Transverse
grieta86.jpg,-2.2833570452559098,0.15339407085294754,0.06973223091265367,-0.05553765823149621,G-Transverse
grieta87.jpg,-2.314593502266919,0.11216626523373585,0.17831308065039103,0.0015610918507225713,G-Transverse
grieta88.jpg,-2.297698354817116,0.16564739164266362,0.0869218822642966,-0.02073590603790933,G-Transverse
grieta89.jpg,-2.31822997013792,0.2246331803040165,0.012442586173332342,-0.1024860494251571,G-Transverse
grieta90.jpg,-2.2926863398823274,0.20470297525831455,0.1215626795025931,-0.04338894688290017,G-Transverse
grieta91.jpg,-2.309405420846406,0.20079786444847078,0.04675930927421506,-0.02721767146033569,G-Transverse
grieta92.jpg,-2.3004515557197327,0.18417287722667353,-0.06667862344550991,0.03683565601650356,G-Transverse
grieta93.jpg,-2.316026286157041,0.1386589994699135,-0.066425612275952,0.08508127428069986,G-Transverse
grieta94.jpg,-2.2836607202074664,0.09227762277498819,-0.15712713527336541,0.04809810936716539,G-Transverse
grieta95.jpg,-2.149251401652168,0.15073254846519898,-0.20557094700002526,0.020829304345337387,G-Transverse
grieta96.jpg,-2.1422556788821194,0.16387170133704812,-0.09577285383820958,-0.008630068520343747,G-Transverse
grieta97.jpg,-2.318781742065458,0.15158141049750606,-0.08714336428139745,3.405826369058436e-05,G-Transverse
grieta98.jpg,-2.304793925703656,0.15723045651378256,-0.033867631605094574,0.06582471377531007,G-Transverse
grieta99.jpg,-2.3036627030871055,0.10357250916275593,-0.0941002873843504,0.06664109437391239,G-Transverse
grieta100.jpg,-2.3150782970358033,0.047551666237843175,-0.18210340016008184,0.014789908933823105,G-Transverse
grieta101.jpg,-2.3079054173377087,0.03306608727134925,-0.044015367071834406,0.041562684101090284,G-Transverse
grieta102.jpg,-2.325118947257865,-0.034559373323417394,0.03196457416008946,-0.029054696494030856,G-Transverse
grieta103.jpg,-2.3123181456078385,-0.15079151265421065,-0.10890792392180636,0.029247980174773897,G-Transverse
grieta104.jpg,-2.3156529688578087,-0.1592244911231312,-0.17319945455941232,0.10316652161443937,G-Transverse
grieta105.jpg,-2.316723192004351,-0.16400621443190966,-0.0980024834710555,0.12916990575644818,G-Transverse
grieta106.jpg,-2.3078631829720884,-0.2319117718147652,0.042379610614314694,0.05688072161794887,G-Transverse
grieta107.jpg,-2.3186537445510007,-0.2283935186301075,-0.03976211768012659,0.038531999658475195,G-Transverse
grieta108.jpg,-2.2890203982231676,-0.18054518414286938,-0.0887722081581559,-0.10921595805350033,G-Transverse
grieta109.jpg,-2.265102319126687,-0.049686383143160116,-0.1325668267464301,-0.3809216056987317,G-Transverse
grieta110.jpg,-2.2504811972657435,-0.18643070241904605,-0.032133186650235894,-0.37082824935686326,G-Transverse
grieta111.jpg,-2.3932863853499264,-0.08058951312089252,0.0072354405580811465,-0.013400773734280573,G-Transverse
grieta112.jpg,-2.248552340444514,-0.04706790525863364,0.028811021306319226,0.21974417165445514,G-Transverse
grieta113.jpg,-2.300737740153731,-0.0021027796047307767,0.02314605168149413,0.13354289900796068,G-Transverse
grieta114.jpg,-2.2953952779488533,-0.024534755014328533,0.21255215482965598,0.09889830052815485,G-Transverse
grieta115.jpg,-2.3208980287401237,0.09273353365782704,0.1385944806946714,-0.054392495526829926,G-Transverse
grieta116.jpg,-2.3095514376127766,0.15412253296630923,-0.012880159077447164,-0.030993346658747523,G-Transverse
grieta117.jpg,-2.298603138173994,0.10249772027024641,0.1074599106779921,-0.10146112157501766,G-Transverse
grieta118.jpg,-2.3227216133789437,-0.012857175718961942,0.32857579252904207,0.012561150310092669,G-Transverse
grieta119.jpg,-2.318142299015299,0.13583176499052177,0.06095367872329512,0.019824173259393396,G-Transverse
grieta120.jpg,-2.313360866303975,0.2572801915003832,-0.05344190981903775,-0.034809991176436454,G-Transverse
grieta121.jpg,-2.310754033865367,0.16384268870828575,0.08174287374519698,-0.035879147344181954,G-Transverse
grieta122.jpg,-2.3028178609716092,0.1807921196001057,0.06965519445263992,-0.130842473593811,G-Transverse
grieta123.jpg,-2.3171249540163465,0.21842158221441307,0.0708400659730098,-0.0507841735068929,G-Transverse
grieta124.jpg,-2.3108507231766553,0.1981092037439013,0.015459932998048747,0.07760242920382632,G-Transverse
grieta125.jpg,-2.313777503662492,0.1347147744509154,-0.18848443287801456,0.08862548356190382,G-Transverse
grieta126.jpg,-2.33435196854339,0.07535686876404929,-0.16695264421099157,0.06825181036471922,G-Transverse
grieta127.jpg,-2.316893996820041,0.043540638541011485,-0.104906787324729,0.025047026096300933,G-Transverse
grieta128.jpg,-2.3157785083857823,0.09372153418604406,-0.1259479733852854,0.003553880159664301,G-Transverse
grieta129.jpg,-2.223591961830466,0.1142042231651956,-0.0968856819926762,0.10759003022342334,G-Transverse
grieta130.jpg,-2.211147661613379,0.03938276370497057,-0.19127183619988095,0.04459186691838365,G-Transverse
grieta131.jpg,-2.208053283977294,-0.01150798125390998,-0.13028670087955638,0.08250458382065404,G-Transverse
grieta132.jpg,-2.223331168411624,-0.07061570880415811,0.021457666364065212,0.019425162508427917,G-Transverse
grieta133.jpg,-2.2051888613178474,-0.21757315250756357,-0.12014670506462313,0.04502770809457324,G-Transverse
grieta134.jpg,-2.207284581125719,-0.2549482346353237,-0.19455713050029597,0.10308972204062976,G-Transverse
grieta135.jpg,-2.2040497835617274,-0.25003453047200924,-0.13401690385958284,0.1529460764765713,G-Transverse
grieta136.jpg,-2.217138968453759,-0.299861461457587,-0.0017992860282619472,0.07112296313512252,G-Transverse
grieta137.jpg,-2.226191179557552,-0.28870620730042973,-0.019133173633596817,0.03516299494902632,G-Transverse
grieta138.jpg,-2.1943475235461753,-0.2866702130701323,-0.0865517164733525,-0.09971787559692878,G-Transverse
grieta139.jpg,-2.2010173065143714,-0.12012072353344501,-0.09882740613868808,-0.30275974707290787,G-Transverse
grieta140.jpg,-2.2027840246564874,-0.1662124376279582,-0.040894711364012515,-0.36983970714075665,G-Transverse
grieta141.jpg,-2.2085947263732506,-0.16559825913558507,0.02426291653483169,-0.09068253844623111,G-Transverse
grieta142.jpg,-2.1914720638695906,-0.05875522446448253,0.08684966942821815,0.2100197912833605,G-Transverse
grieta143.jpg,-2.202469003380579,-0.007905097827835062,0.06083280019878304,0.18083414677563198,G-Transverse
grieta144.jpg,-2.2210131856374717,0.010250804998695991,0.1769355178022169,0.12852585538782993,G-Transverse
grieta145.jpg,-2.21803014117748,0.07774247065888784,0.2622029162895369,-0.005393546368293875,G-Transverse
grieta146.jpg,-2.20571589071875,0.19519508045542036,0.0612040091628595,-0.02430475599436718,G-Transverse
grieta147.jpg,-2.211395669184904,0.1651021411502023,0.12642465138190576,-0.09242967506326498,G-Transverse
grieta148.jpg,-2.2258571542501557,0.0669582763751502,0.34963380460494015,-0.026286279375676087,G-Transverse
grieta149.jpg,-2.211746025664916,0.14472834675313753,0.19452716680889542,0.04708343808343721,G-Transverse
grieta150.jpg,-2.2096930759595335,0.32349014826695904,-0.042252661783259766,-0.03347325120016766,G-Transverse
grieta151.jpg,-2.211529673317957,0.2582677303895308,0.08052018188070952,-0.01890783466488354,G-Transverse
grieta152.jpg,-2.2063455116894963,0.22829129931636422,0.10045427723092655,-0.08771839652827908,G-Transverse
grieta153.jpg,-2.2224434580371395,0.2796896297554064,0.03957453290589456,-0.05499302329669111,G-Transverse
grieta154.jpg,-2.20620664830534,0.2592753064808898,0.02449826623416754,0.08103517226112524,G-Transverse
grieta155.jpg,-2.2168254363486484,0.21427555359371608,-0.16727475651057197,0.1323355035585988,G-Transverse
grieta156.jpg,-2.2353906878468592,0.12914200405335882,-0.20801995691185332,0.08372565850849623,G-Transverse
grieta157.jpg,-2.2147340847624855,0.10928481594531146,-0.16879426092356764,0.08064885773771821,G-Transverse
grieta158.jpg,-2.2106567770248335,0.10030616718768025,-0.16154406112989714,0.031452164779222185,G-Transverse
grieta159.jpg,-2.219953593168003,0.1851744715621981,-0.12869267329188921,0.028486660141260358,G-Transverse
grieta160.jpg,-2.2149727613565577,0.16933457555345988,-0.08341845169968917,0.06911271973816586,G-Transverse
grieta161.jpg,-2.276068340406739,0.08154134946612701,-0.15985379031373423,0.03864941760176477,G-Transverse
grieta162.jpg,-2.274948433230346,0.12424227146215312,-0.14473256934944606,0.04074737682346942,G-Transverse
grieta163.jpg,-2.276130492939506,0.13180193586933714,-0.07943455076176047,-0.004272958778995635,G-Transverse
grieta164.jpg,-2.2774179868955753,0.17938085498237616,-0.07222607465786177,0.04501035137210641,G-Transverse
grieta165.jpg,-2.2601419093091555,0.14527379291152676,-0.10184778425992265,0.0396138790627057,G-Transverse
grieta166.jpg,-2.269490897806107,0.08841017259848633,-0.11159627118215187,0.06425599168837766,G-Transverse
grieta167.jpg,-2.2668382333366845,0.038127672021492885,-0.07246323329893652,0.02814699962793838,G-Transverse
grieta168.jpg,-2.2752191445534398,-0.032812946082240106,-0.07862626779086802,0.025035148001089226,G-Transverse
grieta169.jpg,-2.2694240650471267,-0.10434849852103853,-0.041783228054719804,0.04332780189942915,G-Transverse
grieta170.jpg,-2.271803621678821,-0.1787428034276886,-0.13916060721665086,0.08106085512164582,G-Transverse
grieta171.jpg,-2.2753143592772855,-0.2142569605587169,-0.11504286896593648,0.12272677126945147,G-Transverse
grieta172.jpg,-2.2752421034712698,-0.232004587042444,-0.04012057811308497,0.10866363009496344,G-Transverse
grieta173.jpg,-2.264632735642962,-0.28618804568322004,-0.030143175098388892,0.029299034606387286,G-Transverse
grieta174.jpg,-2.270515908267609,-0.22047717218300658,-0.037071010411014335,-0.06697322824748975,G-Transverse
grieta175.jpg,-2.254547459252147,-0.1796410341952403,-0.09705525138796683,-0.24166326725007017,G-Transverse
grieta176.jpg,-2.275960341819981,-0.14620104917538196,-0.04579344673783748,-0.2771507423861603,G-Transverse
grieta177.jpg,-2.266580530412786,-0.11845063016504284,0.018897422310545725,-0.13529372140814003,G-Transverse
grieta178.jpg,-2.269690426868366,-0.09975799796854769,-0.0031497643425951343,0.04574537158868464,G-Transverse
grieta179.jpg,-2.283620661753085,-0.054143483384969535,0.10300168367681699,0.14962495284511138,G-Transverse
grieta180.jpg,-2.2798498373517706,-0.020795512588257452,0.1427921911195422,0.10235628639446358,G-Transverse
grieta181.jpg,-2.2720483439618273,0.05952167912818866,0.12803941429300833,0.016197613326337797,G-Transverse
grieta182.jpg,-2.275815775858288,0.09932929128993859,0.16393545745305393,-0.04016188672619732,G-Transverse
grieta183.jpg,-2.272451740444184,0.12237942403876616,0.12821388054544136,-0.06423404011621407,G-Transverse
grieta184.jpg,-2.274897273643258,0.07834340623686126,0.22426866061555126,-0.03223371501818283,G-Transverse
grieta185.jpg,-2.2713837962426613,0.12306971812864816,0.19865622664601149,-0.0297370518920811,G-Transverse
grieta186.jpg,-2.2700317569293604,0.17738802705861054,0.13056934998964304,0.003161120012780151,G-Transverse
grieta187.jpg,-2.2725728991930323,0.23945141608108603,0.047094231421457994,-0.05926984261623701,G-Transverse
grieta188.jpg,-2.270502534270413,0.23684501593883311,0.08568981076168558,-0.08341269562222643,G-Transverse
grieta189.jpg,-2.258666246808621,0.2181271461177315,0.1336372280554745,-0.04894455402573455,G-Transverse
grieta190.jpg,-2.274389024786001,0.24506283020248232,0.013149039033149757,-0.0008980876169045318,G-Transverse
grieta191.jpg,-2.2748046746513255,0.187357908790944,-0.06799476425165049,0.0690066538182113,G-Transverse
grieta192.jpg,-2.2789394899279545,0.1448837931108697,-0.12852703393110285,0.10147699171544376,G-Transverse
grieta193.jpg,-2.351391134663128,0.08746173172112742,-0.015499605089499172,-0.04459620479191139,G-Transverse
grieta194.jpg,-2.3430563709478673,0.11680355311114643,-0.013887489289694825,-0.0422262784599737,G-Transverse
grieta195.jpg,-2.351865820118267,0.12825528441973016,-0.007792979812443336,-0.014686382782390777,G-Transverse
grieta196.jpg,-2.3525402380900853,0.08835249191363613,0.007976322401178543,0.00953154777637053,G-Transverse
grieta197.jpg,-2.34836293391994,0.06873847185328245,-0.03601160085851928,-0.0015394519450979021,G-Transverse
grieta198.jpg,-2.3446168423847724,0.07510206661063451,-0.04344351738256467,-0.021821846826994125,G-Transverse
grieta199.jpg,-2.3264777605452904,0.05630111368924708,0.0018425370276992762,-0.04307320136846545,G-Transverse
grieta200.jpg,-2.3416213487037347,-0.01742051825217622,-0.0291951684188223,-0.023508182396566737,G-Transverse
grieta201.jpg,-2.318995419946103,0.004054119467998095,-0.055600431236599926,0.0417729763870402,G-Longitudinal
grieta202.jpg,-2.3076107854534054,-0.016575733105486448,-0.0566035044289418,-0.034691291599439525,G-Longitudinal
grieta203.jpg,-2.3211235417100253,-0.010808248615373724,-0.04098369973699486,-0.021523096098961057,G-Longitudinal
grieta204.jpg,-2.3192121719972105,-0.006809352443861384,-0.028028115390687974,-0.003860094186892932,G-Longitudinal
grieta205.jpg,-2.3245646959757327,-0.02440557833910463,-0.001978221104427516,-0.06535867409926027,G-Longitudinal
grieta206.jpg,-2.323742188539138,-0.022489233486647688,-0.0055335278175379565,-0.10338791521430084,G-Longitudinal
grieta207.jpg,-2.3255887399726465,-0.002840825260437399,-0.03465241020922369,-0.07730207063999314,G-Longitudinal
grieta208.jpg,-2.3230571973820924,-0.006764207261822762,-0.04175620502775559,-0.037863400669557734,G-Longitudinal
grieta209.jpg,-2.317803142311013,-0.004565342322856691,-0.04730841873548556,-0.03230280806818435,G-Longitudinal
grieta210.jpg,-2.309517919903885,0.0015259785050149885,-0.04637212687467564,-0.03832931464578222,G-Longitudinal
grieta211.jpg,-2.3224572080071106,-0.004862696243108702,-0.04109765419496333,-0.04282501587826532,G-Longitudinal
grieta212.jpg,-2.3200369715667946,-0.008650177726179355,-0.02225786472506657,-0.0464345743828259,G-Longitudinal
grieta213.jpg,-2.3250629775339595,0.0024988923389430502,-0.024525136077939557,-0.04669682346400502,G-Longitudinal
grieta214.jpg,-2.319313043527062,-0.004089154870635166,-0.05458605691972149,-0.04499598972907566,G-Longitudinal
grieta215.jpg,-2.3187816111023505,-0.022264624982984076,-0.0325178436164124,-0.09714529809686051,G-Longitudinal
grieta216.jpg,-2.322270079062373,-0.01293246699936229,-0.05498769451247083,-0.10486734824480039,G-Longitudinal
grieta217.jpg,-2.3187667368857308,-0.019033130990352195,-0.05821446287166023,-0.16032232250634673,G-Longitudinal
grieta218.jpg,-2.3289774410109714,-0.037320326835271325,-0.03937090863482645,-0.13066414900107434,G-Longitudinal
grieta219.jpg,-2.3488468479542566,-0.00475513117257361,-0.040056604434516696,-0.08490941369247126,G-Longitudinal
grieta220.jpg,-2.3334984850201197,-0.02640929161831233,-0.07443503316097888,-0.0695016145409031,G-Longitudinal
grieta221.jpg,-2.3383106659726067,-0.01965429765837278,-0.07627130816209722,-0.06403142656423998,G-Longitudinal
grieta222.jpg,-2.3245471681210277,-0.016248682871971253,-0.06283958108162029,-0.04137178168948207,G-Longitudinal
grieta223.jpg,-2.3281065179758156,-0.005845338987092164,-0.07640994048169984,-0.03141790996555772,G-Longitudinal
grieta224.jpg,-2.3241237081316353,-0.0070243862037562745,-0.04739597516580401,0.014528107674559886,G-Longitudinal
grieta225.jpg,-2.3207668204490894,-0.001606317413247899,-0.02751750479688317,0.0685021232210883,G-Longitudinal
grieta226.jpg,-2.3089093403750294,0.009333083097369625,-0.0397820275364352,0.061630993744257775,G-Longitudinal
grieta227.jpg,-2.320084117701083,0.0002822745209298782,-0.03799994530686346,0.06854277156351067,G-Longitudinal
grieta228.jpg,-2.315704013175273,-0.0032775933063010597,-0.045885320527473586,0.08051352686464155,G-Longitudinal
grieta229.jpg,-2.3204988289269237,0.008037843951622405,-0.05856601447618702,0.08011404018117696,G-Longitudinal
grieta230.jpg,-2.3183415638044953,0.004298864884491421,-0.056992868090856276,0.1125585730951652,G-Longitudinal
grieta231.jpg,-2.319578519456495,-0.005892188866356124,-0.029337430769923928,0.10325475067954977,G-Longitudinal
grieta232.jpg,-2.3229708147731283,0.004715228585332357,-0.039148652793072045,0.07753663255166655,G-Longitudinal
grieta233.jpg,-1.6051247165512714,-0.17784991123645466,-0.19147783063372367,-0.27833954014544365,G-Longitudinal
grieta234.jpg,-1.6542405350295533,-0.14665657536191765,-0.18265625879585523,-0.22297354194391408,G-Longitudinal
grieta235.jpg,-1.6235883355391096,-0.08190466460581744,-0.22480469611639256,-0.17974545290310726,G-Longitudinal
grieta236.jpg,-1.5769387035302087,-0.13921240526616782,-0.21786976692034576,-0.17854150672412694,G-Longitudinal
grieta237.jpg,-1.61421586449025,-0.16368906666382654,-0.2224806940423902,-0.0762858569596475,G-Longitudinal
grieta238.jpg,-1.597074013810402,-0.11383711839450728,-0.20708782211396107,-0.07690165822196557,G-Longitudinal
grieta239.jpg,-1.6042999612196958,-0.10674657790753765,-0.19566314342359478,-0.03268843483132869,G-Longitudinal
grieta240.jpg,-1.5834327272936872,-0.10149115872983136,-0.1724072522416937,0.0038108769817908994,G-Longitudinal
grieta241.jpg,-1.5581753609368507,-0.10880166840819595,-0.22908749787250288,-0.016390764898858195,G-Longitudinal
grieta242.jpg,-1.5727423269200203,-0.10993987494271447,-0.2258738040215729,-0.006297785443570412,G-Longitudinal
grieta243.jpg,-1.6000724225946257,-0.13814637408752736,-0.2242326528250363,0.005758025990006381,G-Longitudinal
grieta244.jpg,-1.5308076126336585,-0.11830672874768886,-0.25349127847106123,0.01277755544918285,G-Longitudinal
grieta245.jpg,-1.6322795852731338,-0.11791107822951162,-0.22943787730532317,0.05490384150842715,G-Longitudinal
grieta246.jpg,-1.6146496459624773,-0.14756903855208667,-0.2529129384423293,0.062275927808193854,G-Longitudinal
grieta247.jpg,-1.568722655425027,-0.09927946545089816,-0.23819671343217286,0.06365342210892244,G-Longitudinal
grieta248.jpg,-1.599764612680078,-0.07556681723697527,-0.2434691483666034,0.06274955648327271,G-Longitudinal
grieta249.jpg,-1.5967881617183703,-0.13716603222163767,-0.22616624520020528,0.10712925291506989,G-Longitudinal
grieta250.jpg,-1.5706971378411765,-0.15077062403395478,-0.18666302578134575,0.057882808371192696,G-Longitudinal
grieta251.jpg,-1.6019799590831556,-0.12011065590040401,-0.17080378091995968,0.07180462234054816,G-Longitudinal
grieta252.jpg,-1.5724995658595518,-0.13067353412338412,-0.14841821570510574,0.08419722748125338,G-Longitudinal
grieta253.jpg,-1.6368876373951768,-0.12473387893173578,-0.1488454601243145,0.09141574212888566,G-Longitudinal
grieta254.jpg,-1.6039908114632648,-0.11692851861752832,-0.1841888251279929,0.09915717111849436,G-Longitudinal
grieta255.jpg,-1.6276351012949648,-0.08540708757775216,-0.1720403196647348,0.13696094205584178,G-Longitudinal
grieta256.jpg,-1.6163601018771634,-0.1011416779900882,-0.17490688321625847,0.09838237484645819,G-Longitudinal
grieta257.jpg,-1.6340291174385546,-0.10993755624756736,-0.17324403534657815,0.1282561283248372,G-Longitudinal
grieta258.jpg,-1.5969189230185437,-0.11055665305821603,-0.17190999249656644,0.07099777070109728,G-Longitudinal
grieta259.jpg,-1.6131743188769012,-0.12517163865710346,-0.18443807283663538,0.015458875931997759,G-Longitudinal
grieta260.jpg,-1.5737577980548805,-0.12649687145541744,-0.1975491709085621,-0.02755562609943161,G-Longitudinal
grieta261.jpg,-1.6343370076665635,-0.12408810462434654,-0.19392827257809145,-0.10134385686400463,G-Longitudinal
grieta262.jpg,-1.5877994151836359,-0.17117890427991905,-0.19221277497967226,-0.19460501940805824,G-Longitudinal
grieta263.jpg,-1.5280340928736622,-0.16721182366588866,-0.16201826014038245,-0.3189170001552769,G-Longitudinal
grieta264.jpg,-1.39254884965925,-0.20076028984348926,-0.2229515716623632,-0.3990713846980135,G-Longitudinal
grieta265.jpg,-2.3232443997302976,-0.00844704501432331,0.025085414149589817,-0.06248211477705351,G-Longitudinal
grieta266.jpg,-2.3054784292467474,0.007469491155061369,-0.013681070848430378,-0.05194726366254723,G-Longitudinal
grieta267.jpg,-2.3132985426221566,0.022623292466225086,-0.011134146501804637,-0.005688413839782207,G-Longitudinal
grieta268.jpg,-2.2570575597640445,-0.021009155822418232,-0.007202594665657742,-0.16352476262964652,G-Longitudinal
grieta269.jpg,-2.3149975657365682,0.020133882621947093,0.0030788595834630554,-0.021629623163955683,G-Longitudinal
grieta270.jpg,-2.289113687691635,0.03301850751111347,-0.0058809586986228865,-0.013815772689299921,G-Longitudinal
grieta271.jpg,-2.317099023010326,-4.918622510430487e-06,-0.009476444488955465,-0.0319338638247665,G-Longitudinal
grieta272.jpg,-2.293188671306326,0.022629394088321975,0.033546814157487344,-0.045507681927173194,G-Longitudinal
grieta273.jpg,-2.320470709139279,0.023888594733,-0.02948991783298642,-0.02192640405046528,G-Longitudinal
grieta274.jpg,-2.300000406544107,-0.004520429822254072,-0.01565546294130908,-0.11429929365154777,G-Longitudinal
grieta275.jpg,-2.3151218602292887,-0.001997349278534653,0.0055826506822638485,-0.08637773368339312,G-Longitudinal
grieta276.jpg,-2.2851610108731935,0.0019231464526730754,-0.013985520793930657,-0.13322817993313568,G-Longitudinal
grieta277.jpg,-2.3037008365584084,-0.0031876517881332194,-0.017074144721249542,-0.10585960472911016,G-Longitudinal
grieta278.jpg,-2.2923182557964856,-0.008971778392420506,-0.023663251206068978,-0.07356172264347334,G-Longitudinal
grieta279.jpg,-2.3154888822201287,0.006213539067245966,-0.032827062250602036,-0.050392744026445495,G-Longitudinal
grieta280.jpg,-2.320568166476008,0.001241851817803074,-0.06614431395731832,-0.060159808220532435,G-Longitudinal
grieta281.jpg,-2.3239169876200303,-0.004828744110920544,-0.028785008786317724,-0.0259295349635755,G-Longitudinal
grieta282.jpg,-2.1737479900642245,0.08168320914732857,-0.027194445905277566,0.07604695596991386,G-Longitudinal
grieta283.jpg,-2.3102421743977044,0.02646905625211096,-0.018468496580159924,0.04539356143865337,G-Longitudinal
grieta284.jpg,-2.2893771425054,0.000864883264720214,-0.005117375438002114,0.08874299533709688,G-Longitudinal
grieta285.jpg,-2.312771443378947,0.027092835925342052,-0.005709701730309547,0.083379838663466,G-Longitudinal
grieta286.jpg,-2.287042679189065,0.038051207251530654,-0.02908772432251626,0.09010002333630515,G-Longitudinal
grieta287.jpg,-2.3138192021093142,0.00695596230013944,-0.031072567214607594,0.10152917701084792,G-Longitudinal
grieta288.jpg,-2.2872834292401234,0.023428202094249628,-0.011089832890339605,-0.03383410603875904,G-Longitudinal
grieta289.jpg,-2.321141667007103,0.03311921291229009,-0.016545998961491983,0.14052301028273761,G-Longitudinal
grieta290.jpg,-2.300926479682324,0.0171961971815836,-0.00635964449941111,0.14382237284795046,G-Longitudinal
grieta291.jpg,-2.3112422461279505,0.020701236863545042,0.0073787581359260985,0.054814214929958555,G-Longitudinal
grieta292.jpg,-2.2886288268661077,0.017805455566842966,-0.023715459398782397,0.058847708931335486,G-Longitudinal
grieta293.jpg,-2.311482218513441,0.01332047996389397,-0.009724635380858352,0.013702832693768747,G-Longitudinal
grieta294.jpg,-2.284940054455456,0.0009854637334701767,0.01809241449139442,-0.00908457401972552,G-Longitudinal
grieta295.jpg,-2.1477584143251387,0.016043826650714972,0.00845682227274736,-0.017396506750458177,G-Longitudinal
grieta296.jpg,-2.1396066947689434,0.02151289947593305,0.03021004359445924,-0.06830751999208162,G-Longitudinal
grieta297.jpg,-2.3236819241723787,0.03202697893286415,0.020028180834024932,-0.12361335022749557,G-Longitudinal
grieta298.jpg,-2.3043612348780718,0.009481756486257428,0.006605340620132641,-0.0396463387630483,G-Longitudinal
grieta299.jpg,-2.296689848934557,0.004293152225696478,-0.00912621693269283,-0.024852320058009594,G-Longitudinal
grieta300.jpg,-2.3182969529626267,0.03477395237594377,-0.0109282085704888,-0.03215726265116171,G-Longitudinal
grieta301.jpg,-2.3008836054321233,0.022483120506990664,-0.01804429205002584,-0.03426978721220035,G-Longitudinal
grieta302.jpg,-2.313863721679275,0.005928274766224748,0.023995538682732607,-0.05588760535661056,G-Longitudinal
grieta303.jpg,-2.31490017146043,0.03706362179595529,0.013020974707563604,-0.046791342196266524,G-Longitudinal
grieta304.jpg,-2.3155420921096446,0.02457729619898962,-0.03209481066727886,-0.03681376654290389,G-Longitudinal
grieta305.jpg,-2.320958532908723,0.033327669203738614,0.010302096903065844,0.07669190215967771,G-Longitudinal
grieta306.jpg,-2.308509348930819,0.030221104143011407,-0.021904220178010057,-0.0551970159261588,G-Longitudinal
grieta307.jpg,-2.3164986082347423,0.018744209605334003,-0.048775039872700265,-0.1448407037511246,G-Longitudinal
grieta308.jpg,-2.2967715218738314,-0.022241238817345004,0.011677145712126939,-0.17489831728493233,G-Longitudinal
grieta309.jpg,-2.272927677198667,0.012770438839402534,0.0073375334364985615,-0.13176120103616293,G-Longitudinal
grieta310.jpg,-2.2564402281265967,0.03313142801770831,-0.014268397011730147,0.0403418767307369,G-Longitudinal
grieta311.jpg,-2.388687391257297,0.006244594573382374,-0.033438161776030866,-0.06628357258510108,G-Longitudinal
grieta312.jpg,-2.253577817774057,0.00871397355909343,-0.024111784214691023,-0.03732026733048426,G-Longitudinal
grieta313.jpg,-2.2940293737404183,0.027443700891000903,-0.05785899839835277,-0.08859138127105888,G-Longitudinal
grieta314.jpg,-2.2915700080202943,0.00843314602704516,-0.03094472783837701,-0.03322021870733043,G-Longitudinal
grieta315.jpg,-2.3097594939499566,0.017919372714200594,0.0036189714162263727,0.08661869417893422,G-Longitudinal
grieta316.jpg,-2.312492305596033,0.04278629999277799,0.00398743586695844,0.04566896296062377,G-Longitudinal
grieta317.jpg,-2.29382757159824,0.023419382259393155,0.013978205408883016,0.04451098298784038,G-Longitudinal
grieta318.jpg,-2.3104838776711434,0.01161686551063068,0.01847873059320534,0.08290606244552523,G-Longitudinal
grieta319.jpg,-2.3119778815858623,0.038657283794621994,-0.03786692851426198,0.045146867548693015,G-Longitudinal
grieta320.jpg,-2.311605322024804,0.0325355179308289,-0.045649592036905315,0.09403044373732346,G-Longitudinal
grieta321.jpg,-2.3127344074553338,0.02008567377186396,0.017188899497596825,0.08976877604983426,G-Longitudinal
grieta322.jpg,-0.7714889234206072,0.38589461037829104,0.2006763530939213,0.17951526948904267,G-Longitudinal
grieta323.jpg,-2.3116914128895987,0.03151487069569025,-0.026515387394376606,0.10268554961683693,G-Longitudinal
grieta324.jpg,-2.318207930581547,0.0022614544686271215,-0.002511088313888232,-0.06412150641832305,G-Longitudinal
grieta325.jpg,-2.3020409275755296,0.02560283820896288,-0.020529815323186405,-0.043033375347505565,G-Longitudinal
grieta326.jpg,-2.315530318653538,0.03477284686846854,-0.006276820736072311,0.06146717463492841,G-Longitudinal
grieta327.jpg,-2.312449104462407,-0.00464787069336706,0.03417733035814823,-0.02207768293978519,G-Longitudinal
grieta328.jpg,-2.3163506911348923,-0.0032306431293678706,0.040823800292389814,-0.11963890711591846,G-Longitudinal
grieta329.jpg,-2.225297319052301,-0.0525369333247161,-0.03202559723843115,-0.06896225024442826,G-Longitudinal
grieta330.jpg,-2.2098482429652604,-0.02372328836461156,-0.043139625318229465,-0.04351163992105288,G-Longitudinal
grieta331.jpg,-2.2018319134234434,-0.03310728561386224,-0.05022087390965351,-0.08700971276806511,G-Longitudinal
grieta332.jpg,-2.227474557759389,-0.05399171054479014,-0.019427775803227687,-0.09475956386930108,G-Longitudinal
grieta333.jpg,-2.214193549844173,-0.03390545582173981,-0.0020385243893746873,-0.09497192865752041,G-Longitudinal
grieta334.jpg,-2.210845917972957,-0.016609319529416154,-0.05621356057383806,-0.09454767219863858,G-Longitudinal
grieta335.jpg,-0.7635150458022528,0.3730521531127638,0.22500984357300446,0.13573078207840286,G-Longitudinal
grieta336.jpg,-2.2179143668957293,-0.05229815909883252,-0.030980773021899853,-0.1346062876691101,G-Longitudinal
grieta337.jpg,-2.225333535634489,-0.034955314503167446,-0.07991056011337024,-0.16166319538808538,G-Longitudinal
grieta338.jpg,-2.200182561925206,-0.07824893260343954,-0.03350009922737531,-0.23706009751916954,G-Longitudinal
grieta339.jpg,-2.213481499122097,-0.06714786061987586,-0.009386709399060566,-0.1852957334014018,G-Longitudinal
grieta340.jpg,-2.2037456804765965,-0.02826641952728709,-0.04502222703583677,-0.13967241969808292,G-Longitudinal
grieta341.jpg,-2.218356141791163,-0.02465408325629904,-0.0914531221217681,-0.1365545244321413,G-Longitudinal
grieta342.jpg,-2.186395864575872,-0.05370320593222293,-0.05187040643307878,-0.03893017475132259,G-Longitudinal
grieta343.jpg,-2.195899034279049,-0.03298133290307466,-0.07652481316686507,-0.0804640852016498,G-Longitudinal
grieta344.jpg,-2.213251422026687,-0.053851952543146384,-0.08202187963193276,-0.05743857199695882,G-Longitudinal
grieta345.jpg,-2.2135338897450336,-0.048919128040087585,-0.0336159725515855,0.06616333169626443,G-Longitudinal
grieta346.jpg,-2.20652334201859,-0.012625256324593706,-0.03558686570034977,0.08950651371705283,G-Longitudinal
grieta347.jpg,-2.205423653528276,-0.024974148091601072,-0.03454498041689672,0.04292613257101165,G-Longitudinal
grieta348.jpg,-2.2266084714318874,-0.043630136495437,-0.002445338916016129,0.11032866532875239,G-Longitudinal
grieta349.jpg,-2.2266084714318874,-0.043630136495437,-0.002445338916016129,0.11032866532875239,G-Longitudinal
grieta350.jpg,-2.207002134596381,-0.007558089011354218,-0.08169029472149933,0.11607417769796054,G-Longitudinal
grieta351.jpg,-2.2136650467082752,-0.031055137703173273,-0.026426758241512763,0.11868990229979356,G-Longitudinal
grieta352.jpg,-2.21413485039055,-0.03728754756132053,-0.012884355177756622,0.10387147678112618,G-Longitudinal
grieta353.jpg,-2.2267509314183322,-0.018702176632727795,-0.043659271399111736,0.11932781297007738,G-Longitudinal
grieta354.jpg,-2.20917884935563,-0.05016977416088268,-0.036838217808302105,-0.035924840992308166,G-Longitudinal
grieta355.jpg,-2.205209558424488,-0.04928536264011689,-0.0388980179760474,-0.09023110117210306,G-Longitudinal
grieta356.jpg,-2.2304121967748296,-0.02730235188758775,-0.0352115985928489,0.005135146811174836,G-Longitudinal
grieta357.jpg,-2.214055196298706,-0.05744283549816699,-0.009078504716152335,-0.025338706588757667,G-Longitudinal
grieta358.jpg,-2.2109152118213613,-0.06852030183290994,0.022923528930675518,-0.13978901559495666,G-Longitudinal
grieta359.jpg,0.23821665391613295,-0.6510081619173591,-0.35595071108029375,-0.2759320001176331,G-Longitudinal
grieta360.jpg,-2.21796882083438,-0.04963049578497252,-0.0315071844235926,-0.09412678418066994,G-Longitudinal
grieta361.jpg,-2.271192579339433,0.04060140306562166,-0.011403315532922804,0.01794575998138264,G-Longitudinal
grieta362.jpg,-2.273481479188666,0.027852979742866414,-0.0024307333856780303,-0.025761379038886922,G-Longitudinal
grieta363.jpg,-2.2791689909096498,0.024859342345383877,0.0004108629925018699,-0.07498038029762615,G-Longitudinal
grieta364.jpg,0.28341633978662334,-0.6278706532379734,-0.3258057791152607,-0.3012581403318919,G-Longitudinal
grieta365.jpg,-2.2643975519926083,0.027724811219531395,-0.04089351481454019,-0.026420156913359055,G-Longitudinal
grieta366.jpg,-2.2695151553077357,0.03603821747097226,-0.03630969294104324,-0.012078319601365146,G-Longitudinal
grieta367.jpg,-2.263892746488498,0.03915720457987089,-0.0417198613349018,-0.0022280689265527275,G-Longitudinal
grieta368.jpg,-2.2754541246149547,0.03847302606752568,-0.03067806556730558,-0.029266928410278066,G-Longitudinal
grieta369.jpg,-2.270639455655382,0.05052626711368054,-0.029050208334997222,-0.02321291378317613,G-Longitudinal
grieta370.jpg,-2.272540045848532,0.040564795797194846,-0.02853321427630987,-0.023821931913210113,G-Longitudinal
grieta371.jpg,-2.275772254560181,0.043541297952014356,-0.035366743983599215,-0.04577656151806442,G-Longitudinal
grieta372.jpg,-2.2723880595208046,0.04209718281257786,-0.04242048221201612,-0.05214340020714044,G-Longitudinal
grieta373.jpg,-2.2739797986112835,0.022661431825422844,-0.047966290857097554,-0.11589286493132246,G-Longitudinal
grieta374.jpg,-2.2801193679366247,0.033491498458855226,-0.04981411678351759,-0.10659614834863171,G-Longitudinal
grieta375.jpg,-2.2626053150158527,0.015331883168008603,-0.032350561360155655,-0.15103362255354758,G-Longitudinal
grieta376.jpg,-2.2877948699711155,0.006624596403526727,-0.04163982733802159,-0.09965662096302809,G-Longitudinal
grieta377.jpg,-2.2763033714819048,0.04004121312010044,-0.05246673167760307,-0.047738006964282265,G-Longitudinal
grieta378.jpg,-2.2681886973885077,0.021315756372864137,-0.07224679199811482,-0.04077518635866433,G-Longitudinal
grieta379.jpg,-2.280771122303216,0.027702160276788273,-0.056082973335747,-0.022197479169048392,G-Longitudinal
grieta380.jpg,-2.2768959086711393,0.03547312895579043,-0.05776485024954997,-0.00924444536662052,G-Longitudinal
grieta381.jpg,-2.265295515751853,0.03777697694880954,-0.06359982827842774,0.02748940222734102,G-Longitudinal
grieta382.jpg,-2.2740950197567593,0.04985379360994073,-0.032684635259153855,0.10327527356772814,G-Longitudinal
grieta383.jpg,-2.268977265281016,0.05403785047776993,-0.02362556951541575,0.11672501754167969,G-Longitudinal
grieta384.jpg,-2.271813178515584,0.043283188299403495,-0.04239074480698069,0.08023039992828597,G-Longitudinal
grieta385.jpg,-2.26852144054272,0.056517572795360356,-0.040948638581183514,0.13493503166323365,G-Longitudinal
grieta386.jpg,-2.2684082407299306,0.04832385407241016,-0.07203819174173617,0.11091632656786268,G-Longitudinal
grieta387.jpg,-2.273358021689258,0.055737789699787654,-0.04909311225619212,0.1531182944872048,G-Longitudinal
grieta388.jpg,-2.2732108573665752,0.05615601126424228,-0.030202141165496854,0.17240465728933788,G-Longitudinal
grieta389.jpg,-2.2675857030857656,0.042554550648253066,-0.03639767418313555,0.1369394726090399,G-Longitudinal
grieta390.jpg,-2.275323959526865,0.052391750188537714,-0.04550596933581846,0.0819042878688381,G-Longitudinal
grieta391.jpg,-2.271026821032023,0.04501059461805909,-0.045380484194841884,0.025677378339651065,G-Longitudinal
grieta392.jpg,-2.2723815147326105,0.031306583215825634,-0.04079426807359967,0.008710365793039491,G-Longitudinal
grieta393.jpg,-2.351409007903781,0.0365522279199972,0.05094653135057252,-0.018583446659164463,G-Longitudinal
grieta394.jpg,-2.3436202877799004,0.035500581510911275,0.03967147788345103,-0.030710030709642892,G-Longitudinal
grieta395.jpg,-2.3516347031510962,0.05292437923886747,0.01833614794639347,-0.007217469378753243,G-Longitudinal
grieta396.jpg,-2.356009458339295,0.04252232975100298,0.015088165525205926,0.024349033067932378,G-Longitudinal
grieta397.jpg,-2.349343331079121,0.05265319558108151,0.007694668907173547,0.012985971343974221,G-Longitudinal
grieta398.jpg,-2.343827660044076,0.05275811403687414,0.013551033438489098,0.02995992199576167,G-Longitudinal
grieta399.jpg,-2.3340834237004935,0.047646766870517075,0.030679446734211222,0.012059956929647916,G-Longitudinal
grieta400.jpg,-2.3437928607420297,0.047303397645182724,0.03746767400487648,0.009137188414246322,G-Longitudinal
grieta401.jpg,-2.54349041241204,0.023446476289337388,-0.00014855339986147973,0.000429731552426376,Healthy-pavement
grieta402.jpg,-2.543537786447538,0.023496614482484746,0.0010549915939517783,0.0014711846049275338,Healthy-pavement
grieta403.jpg,-2.5405148555055246,0.024006323035578103,-8.735853170053832e-05,0.005836030202958879,Healthy-pavement
grieta404.jpg,-2.538973678865496,0.02666610208902353,-0.0027104128286080794,-0.0028136204125489696,Healthy-pavement
grieta405.jpg,-2.5434937650520206,0.02338161500875633,-0.0006610608371743283,-0.0014747861127271517,Healthy-pavement
grieta406.jpg,-2.537455247905194,0.029432351221113495,-0.005474798787917274,-0.008779311212140217,Healthy-pavement
grieta407.jpg,-2.5422532987129607,0.03198169748195997,-0.003889607762710935,-0.01345376646413197,Healthy-pavement
grieta408.jpg,-2.5414845386541787,0.03305433881752256,-0.004301367321926412,-0.009143652387057248,Healthy-pavement
grieta409.jpg,-2.5417257732148264,0.03367505868467974,-0.005038706850956782,-0.005548570201410089,Healthy-pavement
grieta410.jpg,-2.537412934862471,0.028402805942131112,-0.006195949975915946,-0.011539284782354761,Healthy-pavement
grieta411.jpg,-2.53882904511893,0.004293129681369872,-0.012886425337759681,-0.012451887167424482,Healthy-pavement
grieta412.jpg,-2.5387555328888554,0.004838597526644722,-0.014088501554810461,-0.008781808297529956,Healthy-pavement
grieta413.jpg,-2.533301869872572,-0.0034265070660673804,-0.020299904287456913,-0.015828585036817402,Healthy-pavement
grieta414.jpg,-2.522918873317028,0.000667325380406372,-0.02089891299009289,-0.03501304400106386,Healthy-pavement
grieta415.jpg,-2.535864746085009,0.0028411970717087047,-0.015233584665352335,-0.01737249902438642,Healthy-pavement
grieta416.jpg,-2.5035585697560765,0.019433551093504985,-0.0020724248812968977,0.002928794097746898,Healthy-pavement
grieta417.jpg,-2.5118877112526143,0.0211903455322792,0.002279716739470569,-0.005123840007260351,Healthy-pavement
grieta418.jpg,-2.5108261553905193,0.020840486324469217,0.001272495424082866,-0.0019749024874505376,Healthy-pavement
grieta419.jpg,-2.5059177974158438,0.01874847310848866,0.011321805724588067,-0.009410239889590211,Healthy-pavement
grieta420.jpg,-2.511813314272535,0.02243936225650985,0.0014179520916657589,0.009548413042105694,Healthy-pavement
grieta421.jpg,-2.5327615567382376,0.01479865896203954,-0.017113858940302016,-0.02572015403863324,Healthy-pavement
grieta422.jpg,-2.5325765317370834,0.016025271524340492,-0.014498200105974987,-0.012102494863641714,Healthy-pavement
grieta423.jpg,-2.5345436224005264,0.0153600511086035,-0.016052766978782877,-0.012010131020914397,Healthy-pavement
grieta424.jpg,-2.5324113162115647,0.01603963978760639,-0.01486405032356878,-0.009901972177945384,Healthy-pavement
grieta425.jpg,-2.5373293832992623,0.0208554018752578,-0.018583765303946682,-0.01931626887689167,Healthy-pavement
grieta426.jpg,1.7385286866633154,-0.07034837882144897,-0.22247171150584236,-0.07702412094718011,Healthy-pavement
grieta427.jpg,1.7402668289983054,-0.06862097943717183,-0.2043987320380087,0.016837102454108983,Healthy-pavement
grieta428.jpg,1.766300645770957,-0.05347436930584653,-0.2015021942970909,0.22809380543112404,Healthy-pavement
grieta429.jpg,1.7389901636968361,-0.05741374974470714,-0.26327651889369036,0.19108902587192225,Healthy-pavement
grieta430.jpg,1.756318713241512,-0.07721540683486706,-0.24610406073424118,0.013245559034329536,Healthy-pavement
grieta431.jpg,1.7362636334045496,-0.18934072685671666,-0.08497629129362902,0.06165706939330633,Healthy-pavement
grieta432.jpg,1.7517706338693484,-0.19574312349673756,-0.090337282458597,-0.10060204653976865,Healthy-pavement
grieta433.jpg,1.7604825792520225,-0.21006413919351033,-0.11433232220040326,-0.06708157322255041,Healthy-pavement
grieta434.jpg,1.7258769064924258,-0.19060503338917506,-0.056747723936057044,-0.10081592211055275,Healthy-pavement
grieta435.jpg,1.7744398660303335,-0.18705483295869668,-0.10554670563825423,0.08577130507403216,Healthy-pavement
grieta436.jpg,2.7675639573611135,-0.15147947576339335,-0.23495025416640133,0.007926240835316074,Healthy-pavement
grieta437.jpg,2.7735488455298567,-0.12442726087321067,-0.20061045501854569,0.3197737675485951,Healthy-pavement
grieta438.jpg,2.8105425606732974,-0.1321514201754358,-0.23504566577950953,0.3029484463431991,Healthy-pavement
grieta439.jpg,2.828631781418656,-0.15559314679309613,-0.26472655085729363,0.29863200985703564,Healthy-pavement
grieta440.jpg,2.7930565060487,-0.12331569822886608,-0.21280250069140377,0.24555271674635604,Healthy-pavement
grieta441.jpg,2.759207396703878,-0.16453148557196665,-0.3888469351602848,0.2501667817593812,Healthy-pavement
grieta442.jpg,2.7683598579052253,-0.19384031692868559,-0.4091378322539866,0.2122977082474867,Healthy-pavement
grieta443.jpg,2.771040970955329,-0.189198339237148,-0.41224220732727274,0.08275531690761218,Healthy-pavement
grieta444.jpg,2.765016876199615,-0.17647454586865646,-0.3964706622210356,0.1297835442005076,Healthy-pavement
grieta445.jpg,2.7814463146144166,-0.15530863895642621,-0.40938942081466784,0.3409701515903568,Healthy-pavement
grieta446.jpg,2.570049204008844,-0.21918648248790165,0.08355615666481642,0.1808076850045588,Healthy-pavement
grieta447.jpg,2.5587270478783335,-0.21199849813176577,0.08250669412480997,0.2778515589469372,Healthy-pavement
grieta448.jpg,2.5788891069724738,-0.19882911159463243,0.060542413935744124,0.18983022795346985,Healthy-pavement
grieta449.jpg,2.567918774563731,-0.264692598403651,0.08020919657610606,-0.0296413505938717,Healthy-pavement
grieta450.jpg,2.5694920184565024,-0.22881078595860546,0.0914077866227755,0.1121550615785205,Healthy-pavement
grieta451.jpg,-2.5534665997061063,0.021298979459519897,-0.00658397355356134,-0.0055101574523115536,Healthy-pavement
grieta452.jpg,-2.5534668211181786,0.02113629816231378,-0.006133897811533814,-0.005153419912461882,Healthy-pavement
grieta453.jpg,-2.5541395812069627,0.021629572095075,-0.008074631210786517,-0.007368190831657661,Healthy-pavement
grieta454.jpg,-2.5534386143476446,0.021280806539088332,-0.005707273937238711,-0.005111460607065837,Healthy-pavement
grieta455.jpg,-2.5534482622038808,0.021132429266309486,-0.005774676555078604,-0.005388222361085288,Healthy-pavement
grieta456.jpg,-2.5475066776209463,0.013794267531773763,-0.00953795994209081,-0.004637955927588281,Healthy-pavement
grieta457.jpg,-2.5479409398011925,0.014632633445591247,-0.008532977748123175,-0.00399694836505543,Healthy-pavement
grieta458.jpg,-2.547917470755132,0.014886355345614347,-0.00899521560051593,-0.002186892316275996,Healthy-pavement
grieta459.jpg,-2.547992083299784,0.014760723029481242,-0.008454978711394529,-0.0028445289615421474,Healthy-pavement
grieta460.jpg,-2.546927350064034,0.016032256001814068,-0.010712236163092146,-0.0030189628862864987,Healthy-pavement
grieta461.jpg,-2.5592939435599944,0.021640546557520887,-0.005437423977606569,-0.004280516248002963,Healthy-pavement
grieta462.jpg,-2.5592939435599944,0.021640546557520887,-0.005437423977606569,-0.004280516248002963,Healthy-pavement
grieta463.jpg,-2.5592939435599944,0.021640546557520887,-0.005437423977606569,-0.004280516248002963,Healthy-pavement
grieta464.jpg,-2.5592939435599944,0.021640546557520887,-0.005437423977606569,-0.004280516248002963,Healthy-pavement
grieta465.jpg,-2.556253494315551,0.020874484080491536,-0.00010800490162068389,-0.005074915667456431,Healthy-pavement
grieta466.jpg,-2.5571561109138825,0.02144893085555769,-0.006186955189160876,-0.004845814139041151,Healthy-pavement
grieta467.jpg,-2.5571161617696614,0.02156882975686038,-0.005642151884250807,-0.0029402542438437436,Healthy-pavement
grieta468.jpg,-2.556779513998969,0.02150135137431109,-0.007906211813982064,-0.005522982099247183,Healthy-pavement
grieta469.jpg,-2.557110926775941,0.021492726505124325,-0.005858991721692919,-0.003995632309348788,Healthy-pavement
grieta470.jpg,-2.5571448079623833,0.02143696757831963,-0.005898155009123752,-0.0044505303328247646,Healthy-pavement
grieta471.jpg,-2.5488745499200727,0.031467361858497814,-0.00744361010758628,-0.006939658702071758,Healthy-pavement
grieta472.jpg,-2.5462965312296006,0.028631137073945816,-0.008764200479511604,-0.006130633806936593,Healthy-pavement
grieta473.jpg,-2.5490117117101407,0.03179924183505536,-0.007167586895175935,-0.0038346205620251486,Healthy-pavement
grieta474.jpg,-2.549106086511752,0.03160165067712692,-0.0069281003639120094,-0.00552671302090134,Healthy-pavement
grieta475.jpg,-2.5489864941009666,0.0318617996288187,-0.00796064527507377,-0.0030241464217974283,Healthy-pavement
grieta476.jpg,15.519622054442149,-0.22781249280076335,-0.6902748330683135,0.07862816551057882,Healthy-pavement
grieta477.jpg,15.541916833593202,-0.22359193875049901,-0.6466011975894637,0.2195992561877818,Healthy-pavement
grieta478.jpg,15.590291781123936,-0.1943557787118259,-0.674233349997182,0.48194057936065343,Healthy-pavement
grieta479.jpg,15.598201928105363,-0.19928410996902227,-0.7000599051614097,0.3734357482411402,Healthy-pavement
grieta480.jpg,15.558189697275997,-0.20810690700980014,-0.7185252435696284,0.10885774728795256,Healthy-pavement
grieta481.jpg,16.16709621689669,0.1335825905618984,-0.42606460258207146,0.1615733358042448,Healthy-pavement
grieta482.jpg,16.151116669617206,0.13484361998765876,-0.43867422524367405,0.08503219012854629,Healthy-pavement
grieta483.jpg,16.19541134092498,0.12468710339286175,-0.4056329745269735,0.03704460818631986,Healthy-pavement
grieta484.jpg,16.154154418672388,0.14611723432792353,-0.40190419282352985,0.1796150151770073,Healthy-pavement
grieta485.jpg,16.17228767042359,0.1491592439264863,-0.44313684108328866,0.07902430730518507,Healthy-pavement
grieta486.jpg,16.505997112189746,0.10186082271901721,-0.2608028372344655,0.08631946002621238,Healthy-pavement
grieta487.jpg,16.47301223786537,0.15641102505870977,-0.23750332710416924,0.08873668628011865,Healthy-pavement
grieta488.jpg,16.4921618872924,0.1120219920930106,-0.19911838847243213,-0.05523897343762572,Healthy-pavement
grieta489.jpg,16.47778533057254,0.1546599792937987,-0.18312381084409254,0.5285698542683881,Healthy-pavement
grieta490.jpg,16.45783018410148,0.1257185034321333,-0.22888312580102094,0.4217056070487672,Healthy-pavement
grieta491.jpg,13.865457521623732,-0.525707690734963,-0.45136096637921586,-0.4203499838575847,Healthy-pavement
grieta492.jpg,13.888163543074969,-0.5188392621485309,-0.4461375367736213,-0.2124617616460399,Healthy-pavement
grieta493.jpg,13.847534064393006,-0.5280517499756188,-0.43243537974219987,-0.3231282022103093,Healthy-pavement
grieta494.jpg,13.853919663062623,-0.5068451481410805,-0.4524770725224676,-0.14848501443347129,Healthy-pavement
grieta495.jpg,13.817816333159895,-0.5263816950908894,-0.44619038358910845,-0.2748985770724974,Healthy-pavement
grieta496.jpg,14.818313152550333,0.01758345882179058,-0.2624172069893196,-0.00020959920091407965,Healthy-pavement
grieta497.jpg,14.888551524648312,0.030298858269391667,-0.2284928926499583,0.2048118451800778,Healthy-pavement
grieta498.jpg,14.82745237673515,0.026929360040954052,-0.3379462047469067,0.260210927762058,Healthy-pavement
grieta499.jpg,14.805096671653615,-0.0017974035586113305,-0.2939495688253519,-0.04476346492165568,Healthy-pavement
grieta500.jpg,14.81826912435503,-0.004059118272477215,-0.23540459282926005,-0.4071313644207931,Healthy-pavement
grieta501.jpg,2.5492010738011897,-0.20287661119190376,0.24571502393817946,0.06603103853343328,G-alligator
grieta502.jpg,2.5647061445263857,-0.23023157777543965,0.27989685728260755,-0.13953600544412093,G-alligator
grieta503.jpg,2.5461421795902086,-0.1391790955395067,0.32314436094602544,-0.15330141362465838,G-alligator
grieta504.jpg,2.561045398530503,-0.2110594256795402,0.2667747542533156,-0.08130467422219916,G-alligator
grieta505.jpg,2.5414757366753356,-0.1760728137086471,0.3071311234561972,0.016701199815330428,G-alligator
grieta506.jpg,2.573408003269898,-0.19160284936278138,0.29795735027352593,0.06922696368302433,G-alligator
grieta507.jpg,2.531438089894687,-0.17559086177366126,0.24951437369787385,0.172690977627389,G-alligator
grieta508.jpg,2.5800106857929235,-0.2043612288398073,0.31036000647914896,0.059132942830023974,G-alligator
grieta509.jpg,2.5383586512987315,-0.20533903962263803,0.28730590642373843,-0.10565155938029056,G-alligator
grieta510.jpg,2.592381258064097,-0.19584544558360517,0.32057235429730274,0.09459212535124495,G-alligator
grieta511.jpg,5.87871498636642,-1.021735509451751,-0.583485183353208,-1.0598209418639424,G-alligator
grieta512.jpg,5.888155345771478,-1.0026792054485125,-0.7210995602349264,-1.3383857303686804,G-alligator
grieta513.jpg,5.86065990702856,-1.0147728773034106,-0.49059917954557414,-1.2399679393638015,G-alligator
grieta514.jpg,5.876687477163947,-1.0233252666316817,-0.625011521317849,-1.223170438543683,G-alligator
grieta515.jpg,5.8236060966782475,-0.9806301552702913,-0.5564214313891547,-0.9743556333936392,G-alligator
grieta516.jpg,5.891074046474304,-1.0131678412058416,-0.6356753049649443,-1.1162942863051544,G-alligator
grieta517.jpg,5.853162897270953,-1.0004312666149855,-0.533685698543564,-1.2540055055888757,G-alligator
grieta518.jpg,5.818518057531661,-0.9542863477889707,-0.715850737077781,-1.004202133827281,G-alligator
grieta519.jpg,5.862466920055178,-0.9860572982152519,-0.4802208458904582,-1.071848095068913,G-alligator
grieta520.jpg,5.861654698898329,-0.9575341899997004,-0.6280409188534963,-0.993989598515239,G-alligator
grieta521.jpg,7.2731436246822705,2.178402666310966,-0.032712948716302634,-0.7231350988946244,G-alligator
grieta522.jpg,7.260543102217261,2.1622805990982052,-0.03882518859329008,-0.9904329610821209,G-alligator
grieta523.jpg,7.240161278304728,2.150055359270556,-0.08702281846174677,-1.0639582578189493,G-alligator
grieta524.jpg,7.196977993439298,2.112408509661925,-0.09997443137214954,-1.191083356067286,G-alligator
grieta525.jpg,7.270739559299472,2.1813546901287975,-0.017666075099548047,-0.9902466828655356,G-alligator
grieta526.jpg,7.24901288856012,2.1614166447192202,0.03000842462020821,-1.1355581304647813,G-alligator
grieta527.jpg,7.2027788806978466,2.1569231878686,-0.017716238557213496,-1.1192595831802505,G-alligator
grieta528.jpg,7.286021656186122,2.1568121570851355,0.06284294936027307,-0.9549309204677487,G-alligator
grieta529.jpg,7.3312956693310385,2.1775773322880387,-0.005670407837833285,-0.6677837302307273,G-alligator
grieta530.jpg,7.294795825771371,2.247805776007642,-0.09678582151006757,-0.12533038166272498,G-alligator
grieta531.jpg,6.5376138918095,-0.9499012697634448,1.1271598395507068,-0.48630645862778815,G-alligator
grieta532.jpg,6.557065936132082,-0.9549177769977254,1.189698004801334,-0.4007140084348343,G-alligator
grieta533.jpg,6.581631211779221,-0.9617702537978469,1.2172429428396383,-0.4333664937495872,G-alligator
grieta534.jpg,6.496869232005266,-0.9184715978323158,1.1846995994299854,-0.41580017485657833,G-alligator
grieta535.jpg,6.506061972222869,-0.9527221177790227,1.2555990550376412,-0.5251129453817434,G-alligator
grieta536.jpg,6.608066217470211,-0.9996595704344375,1.2134204017907613,-0.5957387908155174,G-alligator
grieta537.jpg,6.546633210011441,-0.9352272737460798,1.1967212292447995,-0.5013178926042188,G-alligator
grieta538.jpg,6.558611801235558,-0.987948802391391,1.1779823385228743,-0.46891496237810026,G-alligator
grieta539.jpg,6.543991545051732,-0.9551961226225967,1.23241636567539,-0.4734890372958329,G-alligator
grieta540.jpg,6.536309997092734,-0.9522859229761292,1.2294137623970747,-0.42775063267679103,G-alligator
grieta541.jpg,4.956464511198743,0.06911527906877367,1.505090050679286,0.17917086160005483,G-alligator
grieta542.jpg,4.928682052246209,0.0761240948899717,1.5291959320263602,0.014995743125680043,G-alligator
grieta543.jpg,4.936413872716015,0.01758417924052275,1.5208713503652713,-0.1988683110791313,G-alligator
grieta544.jpg,4.9697918978215885,0.033614708139563326,1.5491067513496566,-0.1991208719638824,G-alligator
grieta545.jpg,4.912469067740661,0.08098251013925077,1.4763305768721064,-0.10853520851133394,G-alligator
grieta546.jpg,4.931024633448513,0.050911965949683696,1.5656485581448827,-0.2457017557340028,G-alligator
grieta547.jpg,4.968878340179794,0.03350795136928956,1.5607020005666399,-0.15850222100661784,G-alligator
grieta548.jpg,4.903635660270538,0.059604474541559864,1.5948952390810176,-0.10204957239518347,G-alligator
grieta549.jpg,4.934402639026091,0.05200060244923447,1.5241939714855062,0.04035711908375218,G-alligator
grieta550.jpg,4.975881129065179,0.0815576733755447,1.8110600289193246,0.6047263438214205,G-alligator
grieta551.jpg,2.592273954262953,-0.2509413319062042,-0.1377142295954344,-0.049340943406093664,G-alligator
grieta552.jpg,2.6151482302500995,-0.1727167909444154,-0.37613290699292956,0.4071088379162791,G-alligator
grieta553.jpg,2.5991898701648135,-0.036700780121251164,-0.06965235089147226,0.08854009295891593,G-alligator
grieta554.jpg,2.6254824689956826,0.2135108201074785,0.2056558270225219,-0.04888707053568072,G-alligator
grieta555.jpg,2.6239024871339645,0.011539484404991744,0.4694153138022207,0.26208411805774917,G-alligator
grieta556.jpg,2.610869059494464,0.0884379790078122,-0.09041604693643417,-0.055265085692197555,G-alligator
grieta557.jpg,2.55097953194432,0.5869596185703743,-0.26783464920806405,-0.013721929140368011,G-alligator
grieta558.jpg,2.6005317907867673,0.442584779856729,-0.021482260897419614,0.6421129648786719,G-alligator
grieta559.jpg,2.644452996787736,-0.12705290724099647,0.009950362132548506,0.25189860254529506,G-alligator
grieta560.jpg,2.592381258064097,-0.19584544558360517,0.32057235429730274,0.09459212535124495,G-alligator
grieta561.jpg,5.900054199426869,-0.41494968618691325,0.06566746764967112,0.6566018838880824,G-alligator
grieta562.jpg,5.997903903123669,0.14604006353405993,0.6049708617169085,-0.29384273043351533,G-alligator
grieta563.jpg,5.9312750879064335,0.4086255073346118,0.30367001812384536,0.37512803786323473,G-alligator
grieta564.jpg,6.04586242821854,0.8435014654249083,0.3209973398897169,-0.24896602154428302,G-alligator
grieta565.jpg,5.880265193103232,0.5980665514246295,-0.3828764114306907,0.49588929303949,G-alligator
grieta566.jpg,6.006405944722136,0.5929994326545298,-0.4240257990991829,0.22123230335209823,G-alligator
grieta567.jpg,5.958937888320827,0.2370273505785352,-0.4072552099943105,0.460356149853951,G-alligator
grieta568.jpg,5.944714311179281,-0.2872025420452719,-0.6885462032887416,0.20854677196795324,G-alligator
grieta569.jpg,5.961599485185574,-0.8233069156353298,-0.3605531792210361,0.7138440239060421,G-alligator
grieta570.jpg,5.861654698898329,-0.9575341899997004,-0.6280409188534963,-0.993989598515239,G-alligator
grieta571.jpg,7.34634012331275,1.1430385075265272,-0.460609478459085,1.9190410899930015,G-alligator
grieta572.jpg,7.320142035607676,0.5059549863678332,-0.9290125157474814,1.0092759325688072,G-alligator
grieta573.jpg,7.129492843495197,-0.20198014325387584,-1.0197355444462386,0.9891010842112468,G-alligator
grieta574.jpg,7.200934411763181,-0.7391055611846205,-0.7108146666968606,0.8355812361244378,G-alligator
grieta575.jpg,7.229500725835304,-1.2783369943554794,-0.5811358514361573,1.3680220382190242,G-alligator
grieta576.jpg,7.155523935525447,-0.9106820266018145,-0.025765010576150323,0.11043914351395213,G-alligator
grieta577.jpg,7.205830128841744,-0.18022824816843303,0.4577061399579455,0.7668134170335681,G-alligator
grieta578.jpg,7.182229435153049,0.3363592931895211,0.48920771318883,0.20693129717893086,G-alligator
grieta579.jpg,7.19536661352388,1.0624809009608198,0.496429343776657,1.2838754575111888,G-alligator
grieta580.jpg,7.294795825771371,2.247805776007642,-0.09678582151006757,-0.12533038166272498,G-alligator
grieta581.jpg,6.682144308658826,-0.40975317558318597,0.4981165975112405,0.13588043438260378,G-alligator
grieta582.jpg,6.634126838777032,0.35893468298677383,0.3364690088877638,-0.07526603878051737,G-alligator
grieta583.jpg,6.584725692780793,0.6670853824677915,0.2730746434494805,0.2301231149362794,G-alligator
grieta584.jpg,6.683817144457806,0.6240180586794415,0.5497322057365317,0.14001196388474255,G-alligator
grieta585.jpg,6.682430119345041,0.31809713304006687,0.5367061100683974,0.3776061148439995,G-alligator
grieta586.jpg,6.654076708850662,0.34433022440950234,-0.13623220155600027,-0.06243852909363257,G-alligator
grieta587.jpg,6.659517312204293,-0.006280552560558294,-0.5290501247761566,0.47083335637296175,G-alligator
grieta588.jpg,6.594227572860429,-0.5448050217205649,-0.538484369696241,0.4872770026792453,G-alligator
grieta589.jpg,6.618833583107938,-0.9705277846513382,0.2897140623450311,0.30852409780136225,G-alligator
grieta590.jpg,6.536309997092734,-0.9522859229761292,1.2294137623970747,-0.42775063267679103,G-alligator
grieta591.jpg,5.044438524696738,0.37938743552999377,0.8593469020110692,0.7034883931751609,G-alligator
grieta592.jpg,5.024117062177112,0.5827526638731326,0.45193606200693304,0.8411882450792464,G-alligator
grieta593.jpg,4.9825595925616675,0.5841827958336094,0.058713169814210195,1.052352377791351,G-alligator
grieta594.jpg,5.029482417799593,0.26916779244676864,0.13316455471490832,0.8839513110142077,G-alligator
grieta595.jpg,5.019873585065729,-0.3614288860940246,0.4299502104912821,1.03273826710177,G-alligator
grieta596.jpg,5.024727781263744,-0.41901358083130175,0.11102275520534051,0.4809376035238777,G-alligator
grieta597.jpg,5.0077716318904555,-0.4640454148245393,0.2147601776469507,0.8054897947925198,G-alligator
grieta598.jpg,5.005465268898623,-0.32692811042089454,0.39398335932443895,0.6988439292014502,G-alligator
grieta599.jpg,5.038578985849276,0.004220985786258934,0.795910324358767,1.025847789115437,G-alligator
grieta600.jpg,4.975881129065179,0.0815576733755447,1.8110600289193246,0.6047263438214205,G-alligator
