name,MaxH,Dev_MAX_H_Mean,MaxV,Dev_MAX_V_Mean,Class
grieta1.jpg,0.14753063725490195,0.14034108200571896,0.023423202614379086,0.01623364736519608,G-Transverse
grieta2.jpg,0.1401654411764706,0.13270663551879086,0.02340686274509804,0.015948057087418303,G-Transverse
grieta3.jpg,0.13744485294117648,0.13040379901960786,0.023398692810457516,0.016357638888888887,G-Transverse
grieta4.jpg,0.13580882352941176,0.1287033803104575,0.023447712418300654,0.016342269199346407,G-Transverse
grieta5.jpg,0.14481617647058823,0.13772603911356207,0.023447712418300654,0.01635757506127451,G-Transverse
grieta6.jpg,0.13670955882352942,0.1296238511029412,0.023431372549019606,0.01634566482843137,G-Transverse
grieta7.jpg,0.13683823529411765,0.12972468596813724,0.023488562091503268,0.016375012765522876,G-Transverse
grieta8.jpg,0.13919730392156862,0.1322238179125817,0.023423202614379086,0.01644971660539216,G-Transverse
grieta9.jpg,0.14753063725490195,0.14034108200571896,0.023423202614379086,0.01623364736519608,G-Transverse
grieta10.jpg,0.1401654411764706,0.13270663551879086,0.02340686274509804,0.015948057087418303,G-Transverse
grieta11.jpg,0.13744485294117648,0.13040379901960786,0.023398692810457516,0.016357638888888887,G-Transverse
grieta12.jpg,0.13580882352941176,0.1287033803104575,0.023447712418300654,0.016342269199346407,G-Transverse
grieta13.jpg,0.14481617647058823,0.13772603911356207,0.023447712418300654,0.01635757506127451,G-Transverse
grieta14.jpg,0.13670955882352942,0.1296238511029412,0.023431372549019606,0.01634566482843137,G-Transverse
grieta15.jpg,0.13683823529411765,0.12970519301470587,0.023488562091503268,0.016355519812091504,G-Transverse
grieta16.jpg,0.13919730392156862,0.13215227992238562,0.023537581699346406,0.016492557700163397,G-Transverse
grieta17.jpg,0.144859068627451,0.13789123774509804,0.023423202614379086,0.016455371732026144,G-Transverse
grieta18.jpg,0.13679534313725492,0.12981630412581702,0.023431372549019606,0.016452333537581697,G-Transverse
grieta19.jpg,0.12331495098039216,0.11702733098447714,0.02036764705882353,0.014080027062908495,G-Transverse
grieta20.jpg,0.11000612745098039,0.10327108864379085,0.022001633986928105,0.015266595179738562,G-Transverse
grieta21.jpg,0.12832720588235294,0.12146597988153594,0.02116013071895425,0.014298904718137256,G-Transverse
grieta22.jpg,0.15269607843137256,0.1455537939133987,0.02349673202614379,0.016354447508169938,G-Transverse
grieta23.jpg,0.13466911764705883,0.12785004340277778,0.023447712418300654,0.01662863817401961,G-Transverse
grieta24.jpg,0.13664215686274508,0.12965535641339868,0.023537581699346406,0.01655078125,G-Transverse
grieta25.jpg,0.14753063725490195,0.14034108200571896,0.023423202614379086,0.01623364736519608,G-Transverse
grieta26.jpg,0.1401654411764706,0.13270663551879086,0.02340686274509804,0.015948057087418303,G-Transverse
grieta27.jpg,0.13744485294117648,0.13040379901960786,0.023398692810457516,0.016357638888888887,G-Transverse
grieta28.jpg,0.13580882352941176,0.1287033803104575,0.023447712418300654,0.016342269199346407,G-Transverse
grieta29.jpg,0.14481617647058823,0.13772603911356207,0.023447712418300654,0.01635757506127451,G-Transverse
grieta30.jpg,0.13670955882352942,0.1296238511029412,0.023431372549019606,0.01634566482843137,G-Transverse
grieta31.jpg,0.13683823529411765,0.12972468596813724,0.023488562091503268,0.016375012765522876,G-Transverse
grieta32.jpg,0.13919730392156862,0.1322238179125817,0.023423202614379086,0.01644971660539216,G-Transverse
grieta33.jpg,0.16339460784313725,0.13484773284313725,0.1018954248366013,0.0733485498366013,G-Transverse
grieta34.jpg,0.16767769607843136,0.14033658854166664,0.10029411764705883,0.07295301011029412,G-Transverse
grieta35.jpg,0.17683823529411766,0.14845029105392157,0.08774509803921568,0.0593571537990196,G-Transverse
grieta36.jpg,0.15430759803921568,0.12564504187091502,0.10506535947712418,0.07640280330882354,G-Transverse
grieta37.jpg,0.15956495098039217,0.1305475643382353,0.10129901960784314,0.07228163296568628,G-Transverse
grieta38.jpg,0.16758578431372548,0.13812891901552288,0.09849673202614379,0.06903986672794117,G-Transverse
grieta39.jpg,0.1618811274509804,0.13298271548202617,0.0901062091503268,0.06120779718137255,G-Transverse
grieta40.jpg,0.16979166666666667,0.14065073529411765,0.09895424836601308,0.06981331699346406,G-Transverse
grieta41.jpg,0.15691176470588236,0.12720635467728758,0.09656045751633988,0.06685504748774511,G-Transverse
grieta42.jpg,0.16207107843137256,0.1326491779003268,0.09856209150326797,0.06914019097222222,G-Transverse
grieta43.jpg,0.16439338235294118,0.1362426598243464,0.10100490196078431,0.07285417943218953,G-Transverse
grieta44.jpg,0.16251225490196078,0.13190637765522875,0.09883986928104575,0.06823399203431373,G-Transverse
grieta45.jpg,0.17508578431372548,0.14786123876633986,0.10197712418300654,0.07475257863562093,G-Transverse
grieta46.jpg,0.16485906862745098,0.13650296160130718,0.10087418300653594,0.07251807598039216,G-Transverse
grieta47.jpg,0.19669730392156862,0.16685970690359475,0.09245098039215686,0.06261338337418301,G-Transverse
grieta48.jpg,0.18371323529411765,0.15442001123366014,0.10044117647058824,0.07114795241013072,G-Transverse
grieta49.jpg,0.1661887254901961,0.1373525199142157,0.09789215686274509,0.0690559512867647,G-Transverse
grieta50.jpg,0.16526348039215685,0.13614730136846404,0.0979983660130719,0.06888218698937909,G-Transverse
grieta51.jpg,0.17685661764705882,0.14805826184640522,0.10098856209150327,0.07219020629084967,G-Transverse
grieta52.jpg,0.15430759803921568,0.1257795649509804,0.09883169934640523,0.07030366625816994,G-Transverse
grieta53.jpg,0.15956495098039217,0.1319802772671569,0.10199346405228758,0.07440879033905229,G-Transverse
grieta54.jpg,0.16758578431372548,0.13913046364379084,0.10091503267973856,0.07245971200980392,G-Transverse
grieta55.jpg,0.1618811274509804,0.13400411049836602,0.09244281045751634,0.06456579350490196,G-Transverse
grieta56.jpg,0.16979166666666667,0.14128778594771244,0.09815359477124183,0.06964971405228759,G-Transverse
grieta57.jpg,0.15691176470588236,0.12926671006944446,0.09798202614379085,0.07033697150735295,G-Transverse
grieta58.jpg,0.16767769607843136,0.13900107230392156,0.09797385620915032,0.06929723243464052,G-Transverse
grieta59.jpg,0.17683823529411766,0.1482772926879085,0.10100490196078431,0.07244395935457515,G-Transverse
grieta60.jpg,0.15430759803921568,0.125789266748366,0.09888888888888889,0.07037055759803922,G-Transverse
grieta61.jpg,0.15956495098039217,0.13177660334967323,0.10198529411764706,0.07419694648692811,G-Transverse
grieta62.jpg,0.16758578431372548,0.1379861111111111,0.10091503267973856,0.07131535947712418,G-Transverse
grieta63.jpg,0.1618811274509804,0.130999795751634,0.10105392156862746,0.07017258986928104,G-Transverse
grieta64.jpg,0.1854718137254902,0.15061395782271242,0.10512254901960784,0.07026469311683006,G-Transverse
grieta65.jpg,0.18805759803921568,0.18094828686683007,0.021282679738562092,0.01417336856617647,G-Transverse
grieta66.jpg,0.2117156862745098,0.20389084201388888,0.02431372549019608,0.016488881229575165,G-Transverse
grieta67.jpg,0.19120710784313724,0.18382636335784314,0.021241830065359478,0.01386108558006536,G-Transverse
grieta68.jpg,0.2109313725490196,0.20313373161764706,0.025130718954248368,0.01733307802287582,G-Transverse
grieta69.jpg,0.18817401960784313,0.18093444904003267,0.021977124183006538,0.01473755361519608,G-Transverse
grieta70.jpg,0.23605392156862745,0.2277213924632353,0.025187908496732025,0.01685537939133987,G-Transverse
grieta71.jpg,0.19112745098039216,0.18392949601715686,0.021217320261437907,0.014019365298202613,G-Transverse
grieta72.jpg,0.19602941176470587,0.1882881561478758,0.025122549019607844,0.01738129340277778,G-Transverse
grieta73.jpg,0.18805759803921568,0.18094828686683007,0.021282679738562092,0.01417336856617647,G-Transverse
grieta74.jpg,0.2117156862745098,0.2038135467728758,0.02431372549019608,0.016411585988562093,G-Transverse
grieta75.jpg,0.19117647058823528,0.18386208129084966,0.021241830065359478,0.013927440767973857,G-Transverse
grieta76.jpg,0.23637254901960783,0.22838020833333333,0.025130718954248368,0.017138378267973858,G-Transverse
grieta77.jpg,0.22034313725490196,0.21252590124591503,0.025106209150326797,0.01728897314133987,G-Transverse
grieta78.jpg,0.19707720588235295,0.18870104421977124,0.02652777777777778,0.018151616115196077,G-Transverse
grieta79.jpg,0.1937377450980392,0.18653110957924834,0.02125816993464052,0.014051534415849672,G-Transverse
grieta80.jpg,0.1987561274509804,0.19162812755310457,0.018937908496732027,0.011809908598856209,G-Transverse
grieta81.jpg,0.1874816176470588,0.1804547079248366,0.022017973856209152,0.014991064133986931,G-Transverse
grieta82.jpg,0.19341299019607844,0.1860227098651961,0.02511437908496732,0.01772409875408497,G-Transverse
grieta83.jpg,0.19120710784313724,0.18383628216911763,0.021241830065359478,0.013871004391339871,G-Transverse
grieta84.jpg,0.2109313725490196,0.2031720409517974,0.025130718954248368,0.017371387357026147,G-Transverse
grieta85.jpg,0.18817401960784313,0.18093444904003267,0.021977124183006538,0.01473755361519608,G-Transverse
grieta86.jpg,0.23605392156862745,0.22782641441993465,0.025171568627450982,0.016944061478758172,G-Transverse
grieta87.jpg,0.19112745098039216,0.18392949601715686,0.021217320261437907,0.014019365298202613,G-Transverse
grieta88.jpg,0.19602941176470587,0.1882881561478758,0.025122549019607844,0.01738129340277778,G-Transverse
grieta89.jpg,0.18805759803921568,0.18093894250408496,0.021282679738562092,0.014164024203431373,G-Transverse
grieta90.jpg,0.2117156862745098,0.2039011182598039,0.02431372549019608,0.016499157475490196,G-Transverse
grieta91.jpg,0.19120710784313724,0.183805095996732,0.021241830065359478,0.01383981821895425,G-Transverse
grieta92.jpg,0.2109313725490196,0.20313373161764706,0.025130718954248368,0.01733307802287582,G-Transverse
grieta93.jpg,0.18817401960784313,0.18089145475898694,0.021977124183006538,0.014694559334150328,G-Transverse
grieta94.jpg,0.23605392156862745,0.2277213924632353,0.025187908496732025,0.01685537939133987,G-Transverse
grieta95.jpg,0.2320281862745098,0.21965748825571896,0.03781045751633987,0.025439759497549022,G-Transverse
grieta96.jpg,0.22887254901960785,0.21638583792892158,0.04001633986928105,0.027529628778594772,G-Transverse
grieta97.jpg,0.20677696078431373,0.1995052210988562,0.02732843137254902,0.020056691687091503,G-Transverse
grieta98.jpg,0.23059436274509804,0.22291166258169934,0.031225490196078433,0.023542790032679742,G-Transverse
grieta99.jpg,0.22768995098039216,0.22008490349264706,0.027410130718954248,0.01980508323120915,G-Transverse
grieta100.jpg,0.2094424019607843,0.20200694444444445,0.03138888888888889,0.02395343137254902,G-Transverse
grieta101.jpg,0.22780637254901961,0.22029478145424838,0.025155228758169935,0.017643637663398694,G-Transverse
grieta102.jpg,0.2036029411764706,0.1967273539624183,0.024305555555555556,0.017429968341503267,G-Transverse
grieta103.jpg,0.21829656862745098,0.2109154411764706,0.025122549019607844,0.01774142156862745,G-Transverse
grieta104.jpg,0.2281188725490196,0.2208130744485294,0.02514705882352941,0.017841260723039216,G-Transverse
grieta105.jpg,0.20677696078431373,0.1995052210988562,0.02732843137254902,0.020056691687091503,G-Transverse
grieta106.jpg,0.22386029411764705,0.21629655586192809,0.031225490196078433,0.02366175194035948,G-Transverse
grieta107.jpg,0.22370710784313724,0.21644281045751632,0.02276143790849673,0.015497140522875817,G-Transverse
grieta108.jpg,0.23481004901960784,0.22681671262254902,0.030457516339869282,0.02246417994281046,G-Transverse
grieta109.jpg,0.25371936274509804,0.2450866268382353,0.027254901960784315,0.01862216605392157,G-Transverse
grieta110.jpg,0.2605208333333333,0.2515156888276144,0.028186274509803922,0.019181130004084966,G-Transverse
grieta111.jpg,0.19699142156862745,0.1919056755514706,0.021111111111111112,0.016025365093954247,G-Transverse
grieta112.jpg,0.2617830882352941,0.2522077716503268,0.03137254901960784,0.021797232434640525,G-Transverse
grieta113.jpg,0.23005514705882352,0.22207845690359476,0.03133986928104575,0.02336317912581699,G-Transverse
grieta114.jpg,0.23075367647058823,0.22274733200571895,0.031225490196078433,0.023219145731209152,G-Transverse
grieta115.jpg,0.21177083333333332,0.20465695210375817,0.025098039215686273,0.01798415798611111,G-Transverse
grieta116.jpg,0.2094424019607843,0.20178796466503268,0.03690359477124183,0.029249157475490197,G-Transverse
grieta117.jpg,0.22780637254901961,0.22006521905637255,0.034575163398692814,0.026834009906045755,G-Transverse
grieta118.jpg,0.2036029411764706,0.196685546875,0.024305555555555556,0.017388161254084968,G-Transverse
grieta119.jpg,0.21829656862745098,0.2110393816380719,0.025122549019607844,0.01786536203022876,G-Transverse
grieta120.jpg,0.2281188725490196,0.22078039470996733,0.02514705882352941,0.017808580984477122,G-Transverse
grieta121.jpg,0.20677696078431373,0.1995052210988562,0.02732843137254902,0.020056691687091503,G-Transverse
grieta122.jpg,0.22386029411764705,0.21630424070669935,0.031225490196078433,0.02366943678513072,G-Transverse
grieta123.jpg,0.21441789215686274,0.20725471047794117,0.02508169934640523,0.01791851766748366,G-Transverse
grieta124.jpg,0.2094424019607843,0.20201622497957517,0.03138888888888889,0.023962711907679738,G-Transverse
grieta125.jpg,0.22780637254901961,0.22030370455473858,0.025155228758169935,0.017652560763888887,G-Transverse
grieta126.jpg,0.2036029411764706,0.196826069750817,0.024305555555555556,0.01752868412990196,G-Transverse
grieta127.jpg,0.21829656862745098,0.21102896497140522,0.025122549019607844,0.017854945363562094,G-Transverse
grieta128.jpg,0.2281188725490196,0.22077097375408497,0.02514705882352941,0.01779916002859477,G-Transverse
grieta129.jpg,0.20389093137254902,0.1939098881740196,0.041102941176470585,0.031121897977941175,G-Transverse
grieta130.jpg,0.23147058823529412,0.2209516441993464,0.040898692810457514,0.0303797487745098,G-Transverse
grieta131.jpg,0.22363357843137255,0.21310269863153594,0.04236928104575163,0.031838401245915034,G-Transverse
grieta132.jpg,0.2119669117647059,0.20207486979166667,0.041094771241830065,0.03120272926879085,G-Transverse
grieta133.jpg,0.216078431372549,0.2055307649101307,0.04461601307189542,0.03406834660947712,G-Transverse
grieta134.jpg,0.22471200980392156,0.2141699729370915,0.03753267973856209,0.026990642871732026,G-Transverse
grieta135.jpg,0.21426470588235294,0.20364380361519607,0.04394607843137255,0.03332517616421569,G-Transverse
grieta136.jpg,0.21881127450980392,0.2085600745506536,0.037598039215686274,0.027346839256535947,G-Transverse
grieta137.jpg,0.2034497549019608,0.19344893790849674,0.04087418300653595,0.030873366013071897,G-Transverse
grieta138.jpg,0.23162377450980393,0.22076692708333334,0.04084967320261438,0.029992825776143792,G-Transverse
grieta139.jpg,0.23887254901960783,0.22830227481617646,0.04625816993464052,0.035687895731209146,G-Transverse
grieta140.jpg,0.23924019607843136,0.22880999795751633,0.04295751633986928,0.03252731821895424,G-Transverse
grieta141.jpg,0.2655208333333333,0.2548896165236928,0.03756535947712418,0.026934142667483656,G-Transverse
grieta142.jpg,0.2574203431372549,0.24616861979166668,0.03747549019607843,0.026223766850490195,G-Transverse
grieta143.jpg,0.2371813725490196,0.2262356515522876,0.04005718954248366,0.029111468545751636,G-Transverse
grieta144.jpg,0.2172732843137255,0.20697601358251635,0.04099673202614379,0.03069946129493464,G-Transverse
grieta145.jpg,0.2065686274509804,0.1963740553513072,0.041102941176470585,0.030908369076797382,G-Transverse
grieta146.jpg,0.23147058823529412,0.22073726000816993,0.040898692810457514,0.03016536458333333,G-Transverse
grieta147.jpg,0.22363357843137255,0.21323381331699345,0.04236928104575163,0.03196951593137255,G-Transverse
grieta148.jpg,0.2119669117647059,0.20220705678104575,0.04030228758169935,0.030542432598039217,G-Transverse
grieta149.jpg,0.216078431372549,0.20572437959558823,0.04104575163398693,0.030691699857026147,G-Transverse
grieta150.jpg,0.22471200980392156,0.21423701746323529,0.03753267973856209,0.02705768739787582,G-Transverse
grieta151.jpg,0.21426470588235294,0.20404008374183005,0.03994281045751634,0.029718188316993462,G-Transverse
grieta152.jpg,0.21881127450980392,0.20841070516748367,0.04093137254901961,0.030530803206699347,G-Transverse
grieta153.jpg,0.20389093137254902,0.1939098881740196,0.041102941176470585,0.031121897977941175,G-Transverse
grieta154.jpg,0.23147058823529412,0.22094223600898694,0.040898692810457514,0.03037034058415032,G-Transverse
grieta155.jpg,0.22363357843137255,0.21324520016339868,0.04236928104575163,0.03198090277777778,G-Transverse
grieta156.jpg,0.2119669117647059,0.20220705678104575,0.04030228758169935,0.030542432598039217,G-Transverse
grieta157.jpg,0.216078431372549,0.20572437959558823,0.04104575163398693,0.030691699857026147,G-Transverse
grieta158.jpg,0.22471200980392156,0.21423701746323529,0.03753267973856209,0.02705768739787582,G-Transverse
grieta159.jpg,0.21426470588235294,0.20404008374183005,0.03994281045751634,0.029718188316993462,G-Transverse
grieta160.jpg,0.21881127450980392,0.20841070516748367,0.04093137254901961,0.030530803206699347,G-Transverse
grieta161.jpg,0.13655637254901962,0.12804478145424839,0.036127450980392155,0.027615859885620913,G-Transverse
grieta162.jpg,0.13631740196078432,0.127741881127451,0.03616013071895425,0.027584609885620916,G-Transverse
grieta163.jpg,0.13636642156862744,0.12786674070669934,0.03462418300653595,0.026124502144607844,G-Transverse
grieta164.jpg,0.13762254901960785,0.1291478119893791,0.03536764705882353,0.026892910028594775,G-Transverse
grieta165.jpg,0.13643995098039216,0.12743841911764706,0.04245915032679739,0.03345761846405229,G-Transverse
grieta166.jpg,0.13783088235294116,0.1291518075980392,0.03616830065359477,0.027489225898692807,G-Transverse
grieta167.jpg,0.13797794117647058,0.12919995915032678,0.03463235294117647,0.025854370915032676,G-Transverse
grieta168.jpg,0.1361764705882353,0.12771308210784313,0.03691176470588235,0.028448376225490197,G-Transverse
grieta169.jpg,0.13655637254901962,0.12796568627450983,0.036127450980392155,0.02753676470588235,G-Transverse
grieta170.jpg,0.13631740196078432,0.12773210273692812,0.03616013071895425,0.02757483149509804,G-Transverse
grieta171.jpg,0.13636642156862744,0.12786674070669934,0.03462418300653595,0.026124502144607844,G-Transverse
grieta172.jpg,0.13762254901960785,0.12910682189542486,0.03536764705882353,0.026851919934640527,G-Transverse
grieta173.jpg,0.13643995098039216,0.1276096430759804,0.04245915032679739,0.033628842422385626,G-Transverse
grieta174.jpg,0.13783088235294116,0.1292482000612745,0.03707516339869281,0.02849248110702614,G-Transverse
grieta175.jpg,0.13797794117647058,0.1289752859477124,0.039975490196078434,0.030972834967320263,G-Transverse
grieta176.jpg,0.1361887254901961,0.12787635314542484,0.03772058823529412,0.029408215890522876,G-Transverse
grieta177.jpg,0.13958946078431372,0.13088641237745097,0.036977124183006534,0.028274075776143787,G-Transverse
grieta178.jpg,0.13628063725490197,0.1274191814746732,0.041576797385620916,0.03271534160539216,G-Transverse
grieta179.jpg,0.14274509803921567,0.13433547794117645,0.03375816993464052,0.025348549836601307,G-Transverse
grieta180.jpg,0.13770220588235293,0.1291777854370915,0.03533496732026144,0.026810546875,G-Transverse
grieta181.jpg,0.13643995098039216,0.12772459660947713,0.04245098039215686,0.03373562602124183,G-Transverse
grieta182.jpg,0.13783088235294116,0.12930416411356208,0.034844771241830066,0.02631805300245098,G-Transverse
grieta183.jpg,0.1364093137254902,0.12781464460784314,0.03463235294117647,0.02603768382352941,G-Transverse
grieta184.jpg,0.1361764705882353,0.12772352430555556,0.03691176470588235,0.028458818423202616,G-Transverse
grieta185.jpg,0.13655637254901962,0.12804478145424839,0.036127450980392155,0.027615859885620913,G-Transverse
grieta186.jpg,0.13631740196078432,0.127741881127451,0.03616013071895425,0.027584609885620916,G-Transverse
grieta187.jpg,0.13636642156862744,0.12786674070669934,0.03462418300653595,0.026124502144607844,G-Transverse
grieta188.jpg,0.13762254901960785,0.1291478119893791,0.03536764705882353,0.026892910028594775,G-Transverse
grieta189.jpg,0.13643995098039216,0.1275958563112745,0.04245915032679739,0.03361505565767974,G-Transverse
grieta190.jpg,0.13783088235294116,0.1293341375612745,0.03616830065359477,0.027671555861928102,G-Transverse
grieta191.jpg,0.13797794117647058,0.12941647518382352,0.03463235294117647,0.02607088694852941,G-Transverse
grieta192.jpg,0.1361764705882353,0.12772352430555556,0.03691176470588235,0.028458818423202616,G-Transverse
grieta193.jpg,0.11020833333333334,0.10397370302287583,0.0352859477124183,0.029051317401960788,G-Transverse
grieta194.jpg,0.10860906862745098,0.10209426062091503,0.03616830065359477,0.02965349264705882,G-Transverse
grieta195.jpg,0.11167892156862745,0.10545053359885621,0.035269607843137256,0.029041219873366015,G-Transverse
grieta196.jpg,0.10539828431372548,0.09922552849264706,0.035130718954248366,0.028957963133169937,G-Transverse
grieta197.jpg,0.10865808823529412,0.10233263122957516,0.03516339869281046,0.028837941687091508,G-Transverse
grieta198.jpg,0.10561887254901961,0.09918129595588235,0.033823529411764704,0.02738595281862745,G-Transverse
grieta199.jpg,0.10691789215686275,0.10003902420343137,0.040612745098039214,0.03373387714460784,G-Transverse
grieta200.jpg,0.10766544117647059,0.1012258731617647,0.03517156862745098,0.0287320006127451,G-Transverse
grieta201.jpg,0.02397671568627451,0.01682946537990196,0.1469281045751634,0.13978085426879083,G-Longitudinal
grieta202.jpg,0.023964460784313725,0.016490310968137255,0.1374673202614379,0.12999317044526143,G-Longitudinal
grieta203.jpg,0.023903186274509804,0.016830180249183004,0.14002450980392156,0.13295150377859477,G-Longitudinal
grieta204.jpg,0.02397058823529412,0.01680258118872549,0.13433823529411765,0.12717022824754903,G-Longitudinal
grieta205.jpg,0.021329656862745097,0.014279118157679738,0.1369281045751634,0.12987756587009805,G-Longitudinal
grieta206.jpg,0.023964460784313725,0.01682035079656863,0.13970588235294118,0.1325617723651961,G-Longitudinal
grieta207.jpg,0.023903186274509804,0.016790760314542484,0.14002450980392156,0.13291208384395423,G-Longitudinal
grieta208.jpg,0.02397671568627451,0.01694272109885621,0.13670751633986927,0.12967352175245098,G-Longitudinal
grieta209.jpg,0.02397671568627451,0.01682946537990196,0.1469281045751634,0.13978085426879083,G-Longitudinal
grieta210.jpg,0.023964460784313725,0.016490310968137255,0.1374673202614379,0.12999317044526143,G-Longitudinal
grieta211.jpg,0.023903186274509804,0.016830180249183004,0.14002450980392156,0.13295150377859477,G-Longitudinal
grieta212.jpg,0.02397058823529412,0.01680258118872549,0.13433823529411765,0.12717022824754903,G-Longitudinal
grieta213.jpg,0.021329656862745097,0.014279118157679738,0.1369281045751634,0.12987756587009805,G-Longitudinal
grieta214.jpg,0.023964460784313725,0.01682035079656863,0.13970588235294118,0.1325617723651961,G-Longitudinal
grieta215.jpg,0.023903186274509804,0.01674271088643791,0.14002450980392156,0.13286403441584965,G-Longitudinal
grieta216.jpg,0.02397671568627451,0.016865757761437908,0.13670751633986927,0.12959655841503268,G-Longitudinal
grieta217.jpg,0.02397671568627451,0.016673202614379084,0.1438888888888889,0.13658537581699348,G-Longitudinal
grieta218.jpg,0.023964460784313725,0.016949754901960785,0.13441176470588234,0.1273970588235294,G-Longitudinal
grieta219.jpg,0.023909313725490197,0.017490374795751634,0.12931372549019607,0.1228947865604575,G-Longitudinal
grieta220.jpg,0.021917892156862746,0.015039892258986928,0.11285130718954248,0.10597330729166667,G-Longitudinal
grieta221.jpg,0.021341911764705884,0.014583997140522878,0.1286029411764706,0.12184502655228759,G-Longitudinal
grieta222.jpg,0.02397058823529412,0.016926215277777778,0.142140522875817,0.13509614991830066,G-Longitudinal
grieta223.jpg,0.023909313725490197,0.016981400633169937,0.13455065359477125,0.12762274050245098,G-Longitudinal
grieta224.jpg,0.02397058823529412,0.016964779922385622,0.1398611111111111,0.1328553027982026,G-Longitudinal
grieta225.jpg,0.02397671568627451,0.016907973345588235,0.1438888888888889,0.13682014654820263,G-Longitudinal
grieta226.jpg,0.023964460784313725,0.016499859579248367,0.1374591503267974,0.12999454912173203,G-Longitudinal
grieta227.jpg,0.023903186274509804,0.016830180249183004,0.14002450980392156,0.13295150377859477,G-Longitudinal
grieta228.jpg,0.02397058823529412,0.01680258118872549,0.13433823529411765,0.12717022824754903,G-Longitudinal
grieta229.jpg,0.021329656862745097,0.014279118157679738,0.1369281045751634,0.12987756587009805,G-Longitudinal
grieta230.jpg,0.023964460784313725,0.01682035079656863,0.13970588235294118,0.1325617723651961,G-Longitudinal
grieta231.jpg,0.023903186274509804,0.016790760314542484,0.14002450980392156,0.13291208384395423,G-Longitudinal
grieta232.jpg,0.02397671568627451,0.01694272109885621,0.13670751633986927,0.12967352175245098,G-Longitudinal
grieta233.jpg,0.09973039215686275,0.0709050372753268,0.16644607843137255,0.1376207235498366,G-Longitudinal
grieta234.jpg,0.09451593137254902,0.06724882557189542,0.1637091503267974,0.1364420445261438,G-Longitudinal
grieta235.jpg,0.08626838235294118,0.05816439440359478,0.16362745098039216,0.13552346303104576,G-Longitudinal
grieta236.jpg,0.10350490196078431,0.07406907424428104,0.16790849673202615,0.13847266901552288,G-Longitudinal
grieta237.jpg,0.1017953431372549,0.07356372549019607,0.15766339869281046,0.12943178104575162,G-Longitudinal
grieta238.jpg,0.09587009803921569,0.06700294883578431,0.16979575163398694,0.14092860243055558,G-Longitudinal
grieta239.jpg,0.08990196078431373,0.06134004799836601,0.16348039215686275,0.13491847937091503,G-Longitudinal
grieta240.jpg,0.09113357843137256,0.06206678921568628,0.1727450980392157,0.14367830882352942,G-Longitudinal
grieta241.jpg,0.09259803921568628,0.06274943831699348,0.15554738562091502,0.1256987847222222,G-Longitudinal
grieta242.jpg,0.09227941176470589,0.06289160794526144,0.1637091503267974,0.13432134650735295,G-Longitudinal
grieta243.jpg,0.10177696078431372,0.0731744025735294,0.16361111111111112,0.13500855290032682,G-Longitudinal
grieta244.jpg,0.09722426470588236,0.06641071793300654,0.1758169934640523,0.14500344669117649,G-Longitudinal
grieta245.jpg,0.10188725490196078,0.07413933568218953,0.17562908496732027,0.14788116574754903,G-Longitudinal
grieta246.jpg,0.09941176470588235,0.07107821435866013,0.1637091503267974,0.13537559997957516,G-Longitudinal
grieta247.jpg,0.0925796568627451,0.06289871834150326,0.19501633986928105,0.16533540134803923,G-Longitudinal
grieta248.jpg,0.09375,0.06510946435866014,0.185718954248366,0.15707841860702615,G-Longitudinal
grieta249.jpg,0.09575367647058823,0.06713351460375816,0.16549836601307188,0.13687820414624183,G-Longitudinal
grieta250.jpg,0.09939338235294118,0.06995151654411765,0.16388071895424836,0.13443885314542484,G-Longitudinal
grieta251.jpg,0.10175245098039215,0.07317459405637255,0.16362745098039216,0.13504959405637257,G-Longitudinal
grieta252.jpg,0.10227941176470588,0.07281694240196078,0.16790849673202615,0.13844602736928105,G-Longitudinal
grieta253.jpg,0.10191176470588235,0.07448346864787582,0.15766339869281046,0.13023510263480392,G-Longitudinal
grieta254.jpg,0.09657475490196078,0.06815794781454249,0.16979575163398694,0.14137894454656863,G-Longitudinal
grieta255.jpg,0.09309436274509804,0.06544773794934641,0.16348039215686275,0.1358337673611111,G-Longitudinal
grieta256.jpg,0.09349877450980393,0.06550593596813725,0.1727450980392157,0.14475225949754902,G-Longitudinal
grieta257.jpg,0.0910171568627451,0.0634481081495098,0.15554738562091502,0.12797833690767974,G-Longitudinal
grieta258.jpg,0.09833946078431373,0.06965145016339869,0.1637091503267974,0.13502113970588236,G-Longitudinal
grieta259.jpg,0.10177696078431372,0.07361483864379086,0.16362745098039216,0.13546532883986928,G-Longitudinal
grieta260.jpg,0.10227941176470588,0.07295174632352941,0.16790849673202615,0.1385808312908497,G-Longitudinal
grieta261.jpg,0.10188725490196078,0.07434203941993464,0.15766339869281046,0.1301181832107843,G-Longitudinal
grieta262.jpg,0.10178921568627451,0.0727453533496732,0.16979575163398694,0.14075188929738564,G-Longitudinal
grieta263.jpg,0.09922794117647059,0.06821594158496733,0.16348039215686275,0.13246839256535947,G-Longitudinal
grieta264.jpg,0.10971813725490195,0.07444361468545752,0.18821078431372548,0.15293626174428104,G-Longitudinal
grieta265.jpg,0.020931372549019608,0.013884803921568628,0.1860702614379085,0.17902369281045752,G-Longitudinal
grieta266.jpg,0.023449754901960784,0.01577416513480392,0.20794117647058824,0.20026558670343136,G-Longitudinal
grieta267.jpg,0.02094362745098039,0.013605711294934639,0.1978186274509804,0.19048071129493463,G-Longitudinal
grieta268.jpg,0.04548406862745098,0.036353196486928106,0.3168872549019608,0.3077563827614379,G-Longitudinal
grieta269.jpg,0.02300857843137255,0.01568619791666667,0.18693627450980393,0.17961389399509806,G-Longitudinal
grieta270.jpg,0.025122549019607844,0.016999808517156864,0.2172875816993464,0.2091648411968954,G-Longitudinal
grieta271.jpg,0.020974264705882352,0.013736647263071895,0.19857843137254902,0.19134081392973856,G-Longitudinal
grieta272.jpg,0.025067401960784313,0.017067542381535947,0.19848856209150326,0.1904887025122549,G-Longitudinal
grieta273.jpg,0.020931372549019608,0.013845715890522876,0.1868627450980392,0.1797770884395425,G-Longitudinal
grieta274.jpg,0.023449754901960784,0.015687334048202613,0.2110702614379085,0.20330784058415033,G-Longitudinal
grieta275.jpg,0.02096200980392157,0.013653799019607844,0.2002124183006536,0.19290420751633985,G-Longitudinal
grieta276.jpg,0.025067401960784313,0.016738753574346406,0.2359313725490196,0.2276027241625817,G-Longitudinal
grieta277.jpg,0.025049019607843136,0.017322929432189542,0.21947712418300652,0.21175103400735293,G-Longitudinal
grieta278.jpg,0.024987745098039214,0.016759408190359475,0.2002859477124183,0.19205761080473857,G-Longitudinal
grieta279.jpg,0.024926470588235293,0.01757979728349673,0.2001797385620915,0.19283306525735294,G-Longitudinal
grieta280.jpg,0.020465686274509804,0.013154654309640523,0.19788398692810458,0.19057295496323529,G-Longitudinal
grieta281.jpg,0.023412990196078433,0.016369778901143793,0.18597222222222223,0.17892901092728758,G-Longitudinal
grieta282.jpg,0.04330882352941177,0.03188664215686275,0.1845996732026144,0.17317749183006537,G-Longitudinal
grieta283.jpg,0.02094362745098039,0.013518471711601306,0.1978186274509804,0.19039347171160131,G-Longitudinal
grieta284.jpg,0.025067401960784313,0.017093060661764706,0.21035130718954248,0.20237696589052287,G-Longitudinal
grieta285.jpg,0.02300857843137255,0.01568619791666667,0.18693627450980393,0.17961389399509806,G-Longitudinal
grieta286.jpg,0.025122549019607844,0.017074078329248368,0.2172875816993464,0.20923911100898693,G-Longitudinal
grieta287.jpg,0.020974264705882352,0.013736647263071895,0.19857843137254902,0.19134081392973856,G-Longitudinal
grieta288.jpg,0.027622549019607843,0.019402011846405227,0.20161764705882354,0.19339710988562092,G-Longitudinal
grieta289.jpg,0.020931372549019608,0.013884803921568628,0.1860702614379085,0.17902369281045752,G-Longitudinal
grieta290.jpg,0.023449754901960784,0.01578408394607843,0.20794117647058824,0.20027550551470588,G-Longitudinal
grieta291.jpg,0.02094362745098039,0.01358526092728758,0.1978186274509804,0.19046026092728757,G-Longitudinal
grieta292.jpg,0.025067401960784313,0.017020463133169933,0.21035130718954248,0.2023043683619281,G-Longitudinal
grieta293.jpg,0.02300857843137255,0.015653275633169938,0.18693627450980393,0.1795809717116013,G-Longitudinal
grieta294.jpg,0.025122549019607844,0.016999808517156864,0.2172875816993464,0.2091648411968954,G-Longitudinal
grieta295.jpg,0.03775735294117647,0.0254417764501634,0.23027777777777778,0.2179622012867647,G-Longitudinal
grieta296.jpg,0.03914828431372549,0.026506025326797383,0.23443627450980392,0.2217940155228758,G-Longitudinal
grieta297.jpg,0.02707107843137255,0.019808861825980392,0.20513071895424836,0.1978685023488562,G-Longitudinal
grieta298.jpg,0.031176470588235295,0.02361428972630719,0.2282516339869281,0.220689453125,G-Longitudinal
grieta299.jpg,0.027089460784313724,0.019347579656862745,0.23000816993464052,0.22226628880718954,G-Longitudinal
grieta300.jpg,0.02707107843137255,0.019899726817810458,0.20294934640522877,0.1957779947916667,G-Longitudinal
grieta301.jpg,0.025134803921568628,0.017492927900326798,0.22843954248366014,0.2207976664624183,G-Longitudinal
grieta302.jpg,0.02440563725490196,0.01710327308006536,0.21490196078431373,0.20759959660947713,G-Longitudinal
grieta303.jpg,0.025098039215686273,0.01769786560457516,0.21433006535947713,0.206929891748366,G-Longitudinal
grieta304.jpg,0.02514093137254902,0.017858698427287583,0.22643790849673204,0.21915567555147059,G-Longitudinal
grieta305.jpg,0.02707107843137255,0.019936453227124184,0.20287581699346405,0.19574119178921567,G-Longitudinal
grieta306.jpg,0.031176470588235295,0.0237332133374183,0.22121732026143792,0.21377406301062093,G-Longitudinal
grieta307.jpg,0.022475490196078432,0.015138454861111112,0.22084150326797386,0.21350446793300654,G-Longitudinal
grieta308.jpg,0.030753676470588236,0.022813214869281048,0.2335049019607843,0.22556444035947712,G-Longitudinal
grieta309.jpg,0.027199754901960783,0.018501812704248367,0.2539624183006536,0.24526447610294116,G-Longitudinal
grieta310.jpg,0.028259803921568627,0.019130923202614378,0.26019607843137255,0.2510671977124183,G-Longitudinal
grieta311.jpg,0.021360294117647057,0.01606072559232026,0.2094199346405229,0.2041203661151961,G-Longitudinal
grieta312.jpg,0.031390931372549016,0.02220455473856209,0.2566339869281046,0.24744761029411766,G-Longitudinal
grieta313.jpg,0.028137254901960784,0.020189925449346405,0.2229575163398693,0.21501018688725493,G-Longitudinal
grieta314.jpg,0.031237745098039216,0.023275748059640524,0.2281781045751634,0.2202161075367647,G-Longitudinal
grieta315.jpg,0.025049019607843136,0.01770278033088235,0.22310457516339868,0.2157583358864379,G-Longitudinal
grieta316.jpg,0.03090686274509804,0.023547283496732026,0.20294934640522877,0.19558976715686277,G-Longitudinal
grieta317.jpg,0.03548406862745098,0.027614276960784313,0.22843954248366014,0.22056975081699348,G-Longitudinal
grieta318.jpg,0.02440563725490196,0.01711237489787582,0.21490196078431373,0.20760869842728757,G-Longitudinal
grieta319.jpg,0.025098039215686273,0.0178218954248366,0.21433006535947713,0.20705392156862745,G-Longitudinal
grieta320.jpg,0.02514093137254902,0.01782681015114379,0.22643790849673204,0.2191237872753268,G-Longitudinal
grieta321.jpg,0.02707107843137255,0.019817670036764705,0.20513071895424836,0.19787731055964053,G-Longitudinal
grieta322.jpg,0.13679534313725492,0.08338813572303923,0.34011437908496733,0.28670717167075166,G-Longitudinal
grieta323.jpg,0.025049019607843136,0.017682329963235294,0.2231454248366013,0.21577873519199345,G-Longitudinal
grieta324.jpg,0.02707107843137255,0.019939325469771244,0.20294934640522877,0.19581759344362745,G-Longitudinal
grieta325.jpg,0.025134803921568628,0.017502974366830064,0.22843954248366014,0.22080771292892157,G-Longitudinal
grieta326.jpg,0.02440563725490196,0.017201822916666668,0.21490196078431373,0.20769814644607842,G-Longitudinal
grieta327.jpg,0.025098039215686273,0.017812334048202615,0.21433006535947713,0.20704436019199346,G-Longitudinal
grieta328.jpg,0.02514093137254902,0.017807355494281047,0.22643790849673204,0.21910433261846407,G-Longitudinal
grieta329.jpg,0.039246323529411764,0.029338950163398693,0.20604575163398692,0.19613837826797384,G-Longitudinal
grieta330.jpg,0.039411764705882354,0.029007544424019607,0.2256454248366013,0.21524120455473855,G-Longitudinal
grieta331.jpg,0.03934436274509804,0.028687831903594772,0.22161764705882353,0.21096111621732028,G-Longitudinal
grieta332.jpg,0.041372549019607845,0.031498646854575166,0.20687908496732027,0.1970051828022876,G-Longitudinal
grieta333.jpg,0.04545955882352941,0.035049696180555555,0.21831699346405228,0.20790713082107842,G-Longitudinal
grieta334.jpg,0.03861519607843137,0.028136846405228753,0.22559640522875818,0.21511805555555558,G-Longitudinal
grieta335.jpg,0.14715686274509804,0.09338521241830064,0.3483823529411765,0.2946107026143791,G-Longitudinal
grieta336.jpg,0.03863357843137255,0.028456482332516343,0.21791666666666668,0.20773957056781048,G-Longitudinal
grieta337.jpg,0.040122549019607844,0.030066457312091503,0.2033251633986928,0.19326907169117646,G-Longitudinal
grieta338.jpg,0.04106617647058824,0.030206929125816996,0.22952614379084968,0.21866689644607845,G-Longitudinal
grieta339.jpg,0.044534313725490195,0.034067848754084966,0.23410130718954247,0.22363484221813723,G-Longitudinal
grieta340.jpg,0.042230392156862744,0.03149153645833333,0.24125816993464053,0.2305193142361111,G-Longitudinal
grieta341.jpg,0.03928308823529412,0.02876681219362745,0.26576797385620915,0.2552516978145425,G-Longitudinal
grieta342.jpg,0.037567401960784313,0.026315742442810458,0.2599264705882353,0.24867481107026146,G-Longitudinal
grieta343.jpg,0.0401593137254902,0.02926083792892157,0.22879084967320262,0.217892373876634,G-Longitudinal
grieta344.jpg,0.041354166666666664,0.03104037734885621,0.21621732026143792,0.20590353094362746,G-Longitudinal
grieta345.jpg,0.039246323529411764,0.029023628982843136,0.2060049019607843,0.19578220741421568,G-Longitudinal
grieta346.jpg,0.03943627450980392,0.028932942708333333,0.22566176470588234,0.21515843290441175,G-Longitudinal
grieta347.jpg,0.03934436274509804,0.028828584558823533,0.22161764705882353,0.21110186887254903,G-Longitudinal
grieta348.jpg,0.041372549019607845,0.03158307802287582,0.20687908496732027,0.19708961397058825,G-Longitudinal
grieta349.jpg,0.041372549019607845,0.03158307802287582,0.20687908496732027,0.19708961397058825,G-Longitudinal
grieta350.jpg,0.03861519607843137,0.028185163909313724,0.22559640522875818,0.21516637305964054,G-Longitudinal
grieta351.jpg,0.03934436274509804,0.029128906250000003,0.2139624183006536,0.20374696180555557,G-Longitudinal
grieta352.jpg,0.04139093137254902,0.031163845486111112,0.21791666666666668,0.20768958078022876,G-Longitudinal
grieta353.jpg,0.039246323529411764,0.029338950163398693,0.20604575163398692,0.19613837826797384,G-Longitudinal
grieta354.jpg,0.039411764705882354,0.02899835324754902,0.2256454248366013,0.21523201337826797,G-Longitudinal
grieta355.jpg,0.03934436274509804,0.028828584558823533,0.22161764705882353,0.21110186887254903,G-Longitudinal
grieta356.jpg,0.041372549019607845,0.03160250714869281,0.20687908496732027,0.19710904309640523,G-Longitudinal
grieta357.jpg,0.0411703431372549,0.030935623468137254,0.21831699346405228,0.20808227379493463,G-Longitudinal
grieta358.jpg,0.03861519607843137,0.028185163909313724,0.22559640522875818,0.21516637305964054,G-Longitudinal
grieta359.jpg,0.23727941176470588,0.1537371195874183,0.5590522875816993,0.47550999540441174,G-Longitudinal
grieta360.jpg,0.04139093137254902,0.031163845486111112,0.21791666666666668,0.20768958078022876,G-Longitudinal
grieta361.jpg,0.03475490196078431,0.026172347324346402,0.13819444444444445,0.12961188980800653,G-Longitudinal
grieta362.jpg,0.0424203431372549,0.033803781147875814,0.14402777777777778,0.1354112157883987,G-Longitudinal
grieta363.jpg,0.0347671568627451,0.02626566329656863,0.1381045751633987,0.12960308159722222,G-Longitudinal
grieta364.jpg,0.24309436274509805,0.1580277139501634,0.5427614379084967,0.4576947891135621,G-Longitudinal
grieta365.jpg,0.04243872549019608,0.033611328125000006,0.13819444444444445,0.12936704707924837,G-Longitudinal
grieta366.jpg,0.034761029411764705,0.026098064746732024,0.14402777777777778,0.1353648131127451,G-Longitudinal
grieta367.jpg,0.036231617647058824,0.027446550755718953,0.1401062091503268,0.13132114225898692,G-Longitudinal
grieta368.jpg,0.04247549019607843,0.033945274203431366,0.13765522875816993,0.12912501276552288,G-Longitudinal
grieta369.jpg,0.03475490196078431,0.026093660641339864,0.13819444444444445,0.129533203125,G-Longitudinal
grieta370.jpg,0.04241421568627451,0.03379736008986928,0.14402777777777778,0.13541092218137254,G-Longitudinal
grieta371.jpg,0.034761029411764705,0.02624004289215686,0.1381045751633987,0.12958358864379085,G-Longitudinal
grieta372.jpg,0.03466299019607843,0.026112221711601304,0.1376797385620915,0.1291289700776144,G-Longitudinal
grieta373.jpg,0.04134803921568628,0.03277826286764706,0.13819444444444445,0.12962466809640524,G-Longitudinal
grieta374.jpg,0.034528186274509806,0.026061414930555558,0.14397875816993463,0.1355119868259804,G-Longitudinal
grieta375.jpg,0.039246323529411764,0.030207541870915032,0.146968954248366,0.13793017258986928,G-Longitudinal
grieta376.jpg,0.03661764705882353,0.028326465482026147,0.13766339869281047,0.12937221711601307,G-Longitudinal
grieta377.jpg,0.03470588235294118,0.02607035079656863,0.13808006535947712,0.12944453380310456,G-Longitudinal
grieta378.jpg,0.03639093137254902,0.02753894761029412,0.14302287581699347,0.13417089205473856,G-Longitudinal
grieta379.jpg,0.03401348039215686,0.025611864276960786,0.14955882352941177,0.1411572074142157,G-Longitudinal
grieta380.jpg,0.03469362745098039,0.02623235804738562,0.1377450980392157,0.12928382863562093,G-Longitudinal
grieta381.jpg,0.04246323529411765,0.03366951337826798,0.13819444444444445,0.12940072252859477,G-Longitudinal
grieta382.jpg,0.03478553921568627,0.02627476511437908,0.14402777777777778,0.1355170036764706,G-Longitudinal
grieta383.jpg,0.036231617647058824,0.027610447303921568,0.1401062091503268,0.13148503880718954,G-Longitudinal
grieta384.jpg,0.04247549019607843,0.03392558976715686,0.13765522875816993,0.12910532832924837,G-Longitudinal
grieta385.jpg,0.03475490196078431,0.026172347324346402,0.13819444444444445,0.12961188980800653,G-Longitudinal
grieta386.jpg,0.0424203431372549,0.033803781147875814,0.14402777777777778,0.1354112157883987,G-Longitudinal
grieta387.jpg,0.0347671568627451,0.02626566329656863,0.1381045751633987,0.12960308159722222,G-Longitudinal
grieta388.jpg,0.03466299019607843,0.026172372855392156,0.1376797385620915,0.12918912122140525,G-Longitudinal
grieta389.jpg,0.04243872549019608,0.03376882914624184,0.13819444444444445,0.12952454810049022,G-Longitudinal
grieta390.jpg,0.034761029411764705,0.02628033088235294,0.14402777777777778,0.135547079248366,G-Longitudinal
grieta391.jpg,0.036231617647058824,0.02765277777777778,0.1401062091503268,0.13152736928104575,G-Longitudinal
grieta392.jpg,0.04247549019607843,0.03393572559232026,0.13765522875816993,0.12911546415441177,G-Longitudinal
grieta393.jpg,0.0359375,0.02970973754084967,0.11110294117647058,0.10487517871732026,G-Longitudinal
grieta394.jpg,0.036127450980392155,0.029601102941176467,0.11035130718954249,0.1038249591503268,G-Longitudinal
grieta395.jpg,0.03599264705882353,0.02976228043300654,0.11257352941176471,0.10634316278594771,G-Longitudinal
grieta396.jpg,0.035863970588235296,0.029852111417483663,0.10797385620915033,0.1019619970383987,G-Longitudinal
grieta397.jpg,0.036470588235294116,0.030228617749183007,0.11108660130718954,0.10484463082107844,G-Longitudinal
grieta398.jpg,0.03616421568627451,0.02974752348856209,0.11035130718954249,0.10393461499183007,G-Longitudinal
grieta399.jpg,0.036544117647058824,0.02985340073529412,0.11006535947712419,0.10337464256535948,G-Longitudinal
grieta400.jpg,0.03588848039215686,0.029400594873366014,0.10899509803921568,0.10250721252042483,G-Longitudinal
grieta401.jpg,0.012616421568627452,0.012146560968137255,0.01790032679738562,0.017430466196895426,Healthy-pavement
grieta402.jpg,0.012616421568627452,0.012146560968137255,0.01790032679738562,0.017430466196895426,Healthy-pavement
grieta403.jpg,0.020294117647058824,0.01973742595996732,0.017949346405228758,0.017392654718137255,Healthy-pavement
grieta404.jpg,0.012616421568627452,0.011999438316993464,0.01790032679738562,0.017283343545751634,Healthy-pavement
grieta405.jpg,0.012616421568627452,0.012146560968137255,0.01790032679738562,0.017430466196895426,Healthy-pavement
grieta406.jpg,0.02448529411764706,0.023828112234477124,0.0172140522875817,0.016556870404411762,Healthy-pavement
grieta407.jpg,0.02448529411764706,0.023968367034313726,0.0172140522875817,0.016697125204248365,Healthy-pavement
grieta408.jpg,0.02448529411764706,0.023948784722222224,0.0172140522875817,0.016677542892156862,Healthy-pavement
grieta409.jpg,0.02448529411764706,0.02395825674019608,0.0172140522875817,0.016687014910130717,Healthy-pavement
grieta410.jpg,0.02449142156862745,0.02383385671977124,0.014844771241830066,0.014187206392973857,Healthy-pavement
grieta411.jpg,0.015183823529411765,0.014582746119281046,0.015751633986928106,0.015150556576797387,Healthy-pavement
grieta412.jpg,0.015183823529411765,0.014582746119281046,0.015751633986928106,0.015150556576797387,Healthy-pavement
grieta413.jpg,0.024583333333333332,0.023793581495098037,0.021985294117647058,0.021195542279411762,Healthy-pavement
grieta414.jpg,0.02400735294117647,0.02292938112745098,0.015751633986928106,0.014673662173202616,Healthy-pavement
grieta415.jpg,0.015183823529411765,0.014494459763071895,0.015751633986928106,0.015062270220588238,Healthy-pavement
grieta416.jpg,0.018707107843137255,0.01702835222630719,0.035277777777777776,0.03359902216094771,Healthy-pavement
grieta417.jpg,0.018762254901960783,0.01734930300245098,0.026609477124183007,0.025196525224673205,Healthy-pavement
grieta418.jpg,0.018762254901960783,0.01731853809232026,0.028243464052287583,0.02679974724264706,Healthy-pavement
grieta419.jpg,0.018762254901960783,0.017159352022058823,0.028243464052287583,0.026640561172385623,Healthy-pavement
grieta420.jpg,0.018762254901960783,0.01734990298202614,0.028243464052287583,0.026831112132352942,Healthy-pavement
grieta421.jpg,0.01880514705882353,0.01800842524509804,0.018725490196078432,0.017928768382352942,Healthy-pavement
grieta422.jpg,0.01880514705882353,0.01800842524509804,0.018725490196078432,0.017928768382352942,Healthy-pavement
grieta423.jpg,0.01880514705882353,0.018059129901960784,0.018725490196078432,0.017979473039215686,Healthy-pavement
grieta424.jpg,0.01880514705882353,0.01800842524509804,0.018725490196078432,0.017928768382352942,Healthy-pavement
grieta425.jpg,0.01880514705882353,0.018148335375816994,0.017990196078431372,0.017333384395424836,Healthy-pavement
grieta426.jpg,0.2420343137254902,0.1134432061887255,0.22559640522875818,0.09700529769199348,Healthy-pavement
grieta427.jpg,0.2332781862745098,0.10469138071895426,0.22559640522875818,0.09700959967320263,Healthy-pavement
grieta428.jpg,0.24253676470588234,0.11335544321895424,0.22559640522875818,0.09641508374183008,Healthy-pavement
grieta429.jpg,0.23845588235294118,0.10988874846813726,0.22512254901960785,0.09655541513480392,Healthy-pavement
grieta430.jpg,0.23685049019607843,0.10777203329248364,0.22559640522875818,0.09651794832516342,Healthy-pavement
grieta431.jpg,0.26184436274509804,0.13355499387254902,0.2500408496732026,0.12175148080065362,Healthy-pavement
grieta432.jpg,0.25916666666666666,0.13031966145833332,0.25019607843137254,0.1213490732230392,Healthy-pavement
grieta433.jpg,0.2637745098039216,0.13469209558823533,0.2500408496732026,0.12095843545751633,Healthy-pavement
grieta434.jpg,0.2618566176470588,0.1337620761846405,0.2500408496732026,0.12194630821078431,Healthy-pavement
grieta435.jpg,0.2545343137254902,0.1251343826593137,0.2500408496732026,0.12064091860702614,Healthy-pavement
grieta436.jpg,0.2610110294117647,0.10130314287173203,0.335718954248366,0.17601106770833333,Healthy-pavement
grieta437.jpg,0.265796568627451,0.10622034569035949,0.3421078431372549,0.18253162020016342,Healthy-pavement
grieta438.jpg,0.26339460784313723,0.10271873723447708,0.3421078431372549,0.18143197252859478,Healthy-pavement
grieta439.jpg,0.26286151960784315,0.10172339665032681,0.3421078431372549,0.18096972017973856,Healthy-pavement
grieta440.jpg,0.2631862745098039,0.10306798917483659,0.3421078431372549,0.18198955780228757,Healthy-pavement
grieta441.jpg,0.26844975490196077,0.10941144556781043,0.28238562091503266,0.12334731158088236,Healthy-pavement
grieta442.jpg,0.28205269607843136,0.12268211294934642,0.28238562091503266,0.12301503778594772,Healthy-pavement
grieta443.jpg,0.28102941176470586,0.12138239123774508,0.28238562091503266,0.12273860038807186,Healthy-pavement
grieta444.jpg,0.28096200980392155,0.1215330371732026,0.28238562091503266,0.12295664828431374,Healthy-pavement
grieta445.jpg,0.2855575980392157,0.12578181168300656,0.27767156862745096,0.11789578227124178,Healthy-pavement
grieta446.jpg,0.2824080882352941,0.1288762254901961,0.3078839869281046,0.15435212418300656,Healthy-pavement
grieta447.jpg,0.28537990196078433,0.13223881740196078,0.3078839869281046,0.15474290236928107,Healthy-pavement
grieta448.jpg,0.283921568627451,0.13014841196895427,0.30865196078431373,0.154878804125817,Healthy-pavement
grieta449.jpg,0.28575980392156863,0.13223766850490198,0.3111274509803922,0.15760531556372553,Healthy-pavement
grieta450.jpg,0.28622549019607846,0.1327015676062092,0.3078839869281046,0.1543600643382353,Healthy-pavement
grieta451.jpg,0.00946078431372549,0.0092890625,0.009436274509803921,0.009264552696078432,Healthy-pavement
grieta452.jpg,0.00946078431372549,0.0092890625,0.009436274509803921,0.009264552696078432,Healthy-pavement
grieta453.jpg,0.00946078431372549,0.009299734477124183,0.012459150326797386,0.01229810049019608,Healthy-pavement
grieta454.jpg,0.00946078431372549,0.0092890625,0.009436274509803921,0.009264552696078432,Healthy-pavement
grieta455.jpg,0.00946078431372549,0.0092890625,0.009436274509803921,0.009264552696078432,Healthy-pavement
grieta456.jpg,0.02490808823529412,0.02455689593545752,0.014991830065359478,0.014640637765522876,Healthy-pavement
grieta457.jpg,0.024950980392156864,0.02461893637663399,0.014918300653594771,0.014586256638071895,Healthy-pavement
grieta458.jpg,0.024950980392156864,0.02461893637663399,0.014918300653594771,0.014586256638071895,Healthy-pavement
grieta459.jpg,0.024950980392156864,0.02461893637663399,0.014918300653594771,0.014586256638071895,Healthy-pavement
grieta460.jpg,0.024950980392156864,0.02458264399509804,0.014918300653594771,0.014549964256535947,Healthy-pavement
grieta461.jpg,0.0,0.0,0.0,0.0,Healthy-pavement
grieta462.jpg,0.0,0.0,0.0,0.0,Healthy-pavement
grieta463.jpg,0.0,0.0,0.0,0.0,Healthy-pavement
grieta464.jpg,0.0,0.0,0.0,0.0,Healthy-pavement
grieta465.jpg,0.00946078431372549,0.00936889808006536,0.00946078431372549,0.00936889808006536,Healthy-pavement
grieta466.jpg,0.008884803921568627,0.008821984783496732,0.008700980392156863,0.008638161254084968,Healthy-pavement
grieta467.jpg,0.008884803921568627,0.008821984783496732,0.008700980392156863,0.008638161254084968,Healthy-pavement
grieta468.jpg,0.008382352941176471,0.008301011029411765,0.012598039215686275,0.012516697303921569,Healthy-pavement
grieta469.jpg,0.008884803921568627,0.008821984783496732,0.008700980392156863,0.008638161254084968,Healthy-pavement
grieta470.jpg,0.008884803921568627,0.008821984783496732,0.008700980392156863,0.008638161254084968,Healthy-pavement
grieta471.jpg,0.024993872549019608,0.024686721303104574,0.01494281045751634,0.014635659211601306,Healthy-pavement
grieta472.jpg,0.02500612745098039,0.02462094056372549,0.014852941176470588,0.014467754289215685,Healthy-pavement
grieta473.jpg,0.02500612745098039,0.024710337520424838,0.014852941176470588,0.014557151245915032,Healthy-pavement
grieta474.jpg,0.02500612745098039,0.024710337520424838,0.014852941176470588,0.014557151245915032,Healthy-pavement
grieta475.jpg,0.02500612745098039,0.024710337520424838,0.014852941176470588,0.014557151245915032,Healthy-pavement
grieta476.jpg,0.7169301470588235,0.17670788654003267,0.7029411764705882,0.16271891595179733,Healthy-pavement
grieta477.jpg,0.7262438725490196,0.18547832414215681,0.6943627450980392,0.15359719669117644,Healthy-pavement
grieta478.jpg,0.7313909313725491,0.1892817478553922,0.6943627450980392,0.15225356158088243,Healthy-pavement
grieta479.jpg,0.7169914215686275,0.17453505412581705,0.6943627450980392,0.15190637765522874,Healthy-pavement
grieta480.jpg,0.7262561274509803,0.18476732281454245,0.6943627450980392,0.1528739404616013,Healthy-pavement
grieta481.jpg,0.6813786764705883,0.12174331086601298,0.6984395424836601,0.13880417687908497,Healthy-pavement
grieta482.jpg,0.6855453431372549,0.1263824550653595,0.6984395424836601,0.13927665441176462,Healthy-pavement
grieta483.jpg,0.7001776960784314,0.13974850643382353,0.6984395424836601,0.13801035283905227,Healthy-pavement
grieta484.jpg,0.685655637254902,0.12649186836192816,0.6984558823529412,0.1392921134599674,Healthy-pavement
grieta485.jpg,0.6856311274509804,0.12571730749591503,0.6978267973856209,0.13791297743055564,Healthy-pavement
grieta486.jpg,0.7254289215686275,0.15535933670343138,0.7721323529411764,0.20206276807598034,Healthy-pavement
grieta487.jpg,0.7181495098039216,0.149207337622549,0.7721323529411764,0.20319018075980377,Healthy-pavement
grieta488.jpg,0.7063480392156862,0.1366762280433006,0.7721323529411764,0.2024605417687909,Healthy-pavement
grieta489.jpg,0.7180330882352941,0.14913433159722222,0.7721323529411764,0.20323359630310456,Healthy-pavement
grieta490.jpg,0.7117156862745098,0.1432479830473855,0.7720588235294118,0.20359112030228754,Healthy-pavement
grieta491.jpg,0.6439522058823529,0.15316324550653587,0.6752124183006536,0.1844234579248366,Healthy-pavement
grieta492.jpg,0.6536519607843138,0.16246012050653597,0.6752287581699347,0.18403691789215693,Healthy-pavement
grieta493.jpg,0.6606862745098039,0.1706163194444444,0.6752287581699347,0.18515880310457516,Healthy-pavement
grieta494.jpg,0.6527205882352941,0.16263359119689547,0.6752287581699347,0.18514176113153602,Healthy-pavement
grieta495.jpg,0.6504044117647059,0.16108974162581702,0.6843464052287581,0.1950317350898692,Healthy-pavement
grieta496.jpg,0.6595772058823529,0.14051847171160126,0.674281045751634,0.1552223115808823,Healthy-pavement
grieta497.jpg,0.6622120098039216,0.1411382889093138,0.674281045751634,0.15320732485702615,Healthy-pavement
grieta498.jpg,0.6658210784313725,0.14646360549428095,0.674281045751634,0.1549235728145425,Healthy-pavement
grieta499.jpg,0.667843137254902,0.14904221558415043,0.6765849673202614,0.15778404564950976,Healthy-pavement
grieta500.jpg,0.6626776960784314,0.1433836805555555,0.6765849673202614,0.15729095179738561,Healthy-pavement
grieta501.jpg,0.41572303921568626,0.26356678921568627,0.3050081699346405,0.15285191993464053,G-alligator
grieta502.jpg,0.4298468137254902,0.27703424989787584,0.3061029411764706,0.1532903773488562,G-alligator
grieta503.jpg,0.4313357843137255,0.27915864991830064,0.3050081699346405,0.15283103553921568,G-alligator
grieta504.jpg,0.4298529411764706,0.2771580244076798,0.3050081699346405,0.15231325316584968,G-alligator
grieta505.jpg,0.43135416666666665,0.2794915492238562,0.3050081699346405,0.1531455524918301,G-alligator
grieta506.jpg,0.429828431372549,0.2770507684844771,0.30277777777777776,0.15000011488970588,G-alligator
grieta507.jpg,0.43142156862745096,0.279767476000817,0.2862173202614379,0.13456322763480394,G-alligator
grieta508.jpg,0.4313664215686275,0.2782938112745098,0.30276143790849674,0.1496888276143791,G-alligator
grieta509.jpg,0.4282720588235294,0.27634069904003267,0.3050081699346405,0.15307681015114377,G-alligator
grieta510.jpg,0.4221200980392157,0.26886353656045753,0.3050081699346405,0.15175160845588237,G-alligator
grieta511.jpg,0.5366911764705883,0.28504370915032684,0.4437990196078431,0.19215155228758168,G-alligator
grieta512.jpg,0.5372732843137255,0.2853672002655228,0.4578513071895425,0.2059452231413399,G-alligator
grieta513.jpg,0.528780637254902,0.27751254850898693,0.45937091503267974,0.20810282628676474,G-alligator
grieta514.jpg,0.5318933823529411,0.28058804381127445,0.4438480392156863,0.19254270067401963,G-alligator
grieta515.jpg,0.5310968137254902,0.28090282883986933,0.4438480392156863,0.19365405433006538,G-alligator
grieta516.jpg,0.5661642156862745,0.3142895986519608,0.4438480392156863,0.1919734221813726,G-alligator
grieta517.jpg,0.5276960784313726,0.27654739838643794,0.4438480392156863,0.19269935917075165,G-alligator
grieta518.jpg,0.5167463235294117,0.2671258042279412,0.4438480392156863,0.1942275199142157,G-alligator
grieta519.jpg,0.5260600490196078,0.27486139195261433,0.4438480392156863,0.19264938214869282,G-alligator
grieta520.jpg,0.5376776960784314,0.2871798151552288,0.4438480392156863,0.1933501582924836,G-alligator
grieta521.jpg,0.5138051470588235,0.22040774356617648,0.5388398692810458,0.24544246578839868,G-alligator
grieta522.jpg,0.5123958333333334,0.21940563725490203,0.5388316993464052,0.24584150326797383,G-alligator
grieta523.jpg,0.5045343137254902,0.21194522314133984,0.5363725490196078,0.24378345843545757,G-alligator
grieta524.jpg,0.5043566176470589,0.21302521190767976,0.500686274509804,0.20935486877042486,G-alligator
grieta525.jpg,0.5137438725490197,0.22058120149101312,0.5387908496732026,0.24562817861519604,G-alligator
grieta526.jpg,0.5040441176470588,0.2112602507148693,0.5388398692810458,0.24605600234885627,G-alligator
grieta527.jpg,0.5168872549019607,0.2255295394199346,0.5388398692810458,0.2474821537990196,G-alligator
grieta528.jpg,0.5153676470588235,0.22157698886846405,0.5388398692810458,0.24504921109068634,G-alligator
grieta529.jpg,0.5043688725490196,0.2096278594771242,0.5388398692810458,0.24409885620915034,G-alligator
grieta530.jpg,0.5141053921568628,0.2207631867851308,0.5388398692810458,0.24549766390931377,G-alligator
grieta531.jpg,0.576954656862745,0.3061344847834967,0.46109477124183007,0.19027459916258171,G-alligator
grieta532.jpg,0.5791237745098039,0.3078982970792484,0.46109477124183007,0.18986929381127454,G-alligator
grieta533.jpg,0.5768872549019608,0.3049484911151961,0.46109477124183007,0.1891560074550654,G-alligator
grieta534.jpg,0.5707230392156862,0.30126022518382345,0.46109477124183007,0.19163195720996729,G-alligator
grieta535.jpg,0.5796813725490196,0.30980002808415036,0.46109477124183007,0.1912134267769608,G-alligator
grieta536.jpg,0.5739399509803922,0.3010604575163399,0.4611764705882353,0.18829697712418303,G-alligator
grieta537.jpg,0.5796875,0.30866013071895426,0.46290849673202616,0.1918811274509804,G-alligator
grieta538.jpg,0.5641237745098039,0.2928201465482026,0.4609967320261438,0.18969310406454248,G-alligator
grieta539.jpg,0.5858333333333333,0.315028160743464,0.46109477124183007,0.19028959865196077,G-alligator
grieta540.jpg,0.5760600490196078,0.30580164930555553,0.46109477124183007,0.19083637152777777,G-alligator
grieta541.jpg,0.540906862745098,0.3173816891339869,0.6406944444444445,0.4171692708333333,G-alligator
grieta542.jpg,0.5446139705882352,0.32150928053513067,0.662516339869281,0.4394116498161765,G-alligator
grieta543.jpg,0.5264460784313726,0.3031284083946079,0.662516339869281,0.4391986698325164,G-alligator
grieta544.jpg,0.5310416666666666,0.3069094286151961,0.662516339869281,0.43838410181781046,G-alligator
grieta545.jpg,0.5412867647058823,0.3188337035334967,0.662516339869281,0.44006327869689543,G-alligator
grieta546.jpg,0.53875,0.31544506995506527,0.662516339869281,0.43921140982434637,G-alligator
grieta547.jpg,0.542420343137255,0.3182906581903595,0.662516339869281,0.43838665492238565,G-alligator
grieta548.jpg,0.5439828431372549,0.3215592830882353,0.662516339869281,0.44009277982026146,G-alligator
grieta549.jpg,0.5239644607843137,0.300862553615196,0.6538643790849673,0.43076247191584965,G-alligator
grieta550.jpg,0.5419607843137255,0.31827170138888894,0.6563480392156863,0.4326589562908497,G-alligator
grieta551.jpg,0.4221200980392157,0.26865940308415037,0.304983660130719,0.1515229651756536,G-alligator
grieta552.jpg,0.4221200980392157,0.26726266339869276,0.30495098039215685,0.15009354575163397,G-alligator
grieta553.jpg,0.4221200980392157,0.267947163500817,0.3057271241830065,0.15155418964460782,G-alligator
grieta554.jpg,0.4221200980392157,0.26763426776960786,0.3026143790849673,0.14812854881535945,G-alligator
grieta555.jpg,0.4221200980392157,0.2676574116625817,0.308031045751634,0.153568359375,G-alligator
grieta556.jpg,0.4221200980392157,0.2679987489787582,0.30273692810457514,0.14861557904411762,G-alligator
grieta557.jpg,0.4268014705882353,0.27424733200571894,0.3025980392156863,0.15004390063316994,G-alligator
grieta558.jpg,0.4262377450980392,0.2718015471813725,0.3049673202614379,0.15053112234477123,G-alligator
grieta559.jpg,0.4236825980392157,0.268521075878268,0.3049673202614379,0.14980579810049022,G-alligator
grieta560.jpg,0.4221200980392157,0.26886353656045753,0.3050081699346405,0.15175160845588237,G-alligator
grieta561.jpg,0.5278676470588235,0.27498454095179736,0.4562745098039216,0.20339140369689546,G-alligator
grieta562.jpg,0.5280453431372549,0.272926917381536,0.45473039215686273,0.19961196640114376,G-alligator
grieta563.jpg,0.5295343137254902,0.27638065512663396,0.4522875816993464,0.19913392310049022,G-alligator
grieta564.jpg,0.5295343137254902,0.2734803027982026,0.4660375816993464,0.20998357077205881,G-alligator
grieta565.jpg,0.5295343137254902,0.2778355672998366,0.45616830065359476,0.20446955422794116,G-alligator
grieta566.jpg,0.5295343137254902,0.27407504850898695,0.4576633986928105,0.20220413347630722,G-alligator
grieta567.jpg,0.5295343137254902,0.2753616600285948,0.4576388888888889,0.20346623519199342,G-alligator
grieta568.jpg,0.5295343137254902,0.2761877680759804,0.45771241830065357,0.20436587265114375,G-alligator
grieta569.jpg,0.5296017156862745,0.27526535692401954,0.45464052287581697,0.20030416411356206,G-alligator
grieta570.jpg,0.5376776960784314,0.2871798151552288,0.4438480392156863,0.1933501582924836,G-alligator
grieta571.jpg,0.5141053921568628,0.21810597937091508,0.5496323529411765,0.25363294015522886,G-alligator
grieta572.jpg,0.5141053921568628,0.21951847171160138,0.5395424836601307,0.24495556321486928,G-alligator
grieta573.jpg,0.5141053921568628,0.22507762714460788,0.5301633986928105,0.24113563368055557,G-alligator
grieta574.jpg,0.5141053921568628,0.22294625714869282,0.539468954248366,0.24830981924019613,G-alligator
grieta575.jpg,0.5155698529411765,0.22297351154003275,0.5418954248366014,0.2492990834354576,G-alligator
grieta576.jpg,0.5278063725490196,0.23832478043300653,0.5387173202614379,0.24923572814542483,G-alligator
grieta577.jpg,0.5180882352941176,0.22661076644199346,0.522516339869281,0.23103887101715687,G-alligator
grieta578.jpg,0.5141053921568628,0.22363380821078438,0.5230392156862745,0.23256763174019612,G-alligator
grieta579.jpg,0.5141053921568628,0.22259539675245105,0.5301470588235294,0.23863706341911767,G-alligator
grieta580.jpg,0.5141053921568628,0.2207631867851308,0.5388398692810458,0.24549766390931377,G-alligator
grieta581.jpg,0.5760600490196078,0.30039260365604575,0.46416666666666667,0.1884992213031046,G-alligator
grieta582.jpg,0.5760600490196078,0.30170077614379087,0.45781045751633986,0.1834511846405229,G-alligator
grieta583.jpg,0.5760600490196078,0.3030935840482026,0.47348856209150325,0.200522097120098,G-alligator
grieta584.jpg,0.5760600490196078,0.3007819010416667,0.46415849673202614,0.188880348754085,G-alligator
grieta585.jpg,0.5760600490196078,0.30078229677287577,0.4655800653594771,0.1903023131127451,G-alligator
grieta586.jpg,0.5760600490196078,0.301638569750817,0.4634232026143791,0.18900172334558824,G-alligator
grieta587.jpg,0.5761580882352941,0.3009796900531046,0.46490196078431373,0.1897235626021242,G-alligator
grieta588.jpg,0.5719178921568627,0.29859662224264705,0.45187091503267973,0.17854964511846405,G-alligator
grieta589.jpg,0.5759803921568627,0.3023501710580065,0.464281045751634,0.19065082465277777,G-alligator
grieta590.jpg,0.5760600490196078,0.30580164930555553,0.46109477124183007,0.19083637152777777,G-alligator
grieta591.jpg,0.5419607843137255,0.3160470537173203,0.6477696078431373,0.42185587724673207,G-alligator
grieta592.jpg,0.5419607843137255,0.3162223115808823,0.6509313725490196,0.4251928998161764,G-alligator
grieta593.jpg,0.5419607843137255,0.317118732128268,0.6581127450980392,0.43327069291258163,G-alligator
grieta594.jpg,0.5419607843137255,0.3161938189338236,0.658733660130719,0.432966694750817,G-alligator
grieta595.jpg,0.5419607843137255,0.3166038602941177,0.6563725490196078,0.43101562499999996,G-alligator
grieta596.jpg,0.5419607843137255,0.31652173968545755,0.6470098039215686,0.4215707592933006,G-alligator
grieta597.jpg,0.5414460784313726,0.31604425806781056,0.6479003267973856,0.42249850643382353,G-alligator
grieta598.jpg,0.5445281862745098,0.31915999029820263,0.6608986928104575,0.43553049683415035,G-alligator
grieta599.jpg,0.5534007352941176,0.32692002399918296,0.6603104575163399,0.43382974622140524,G-alligator
grieta600.jpg,0.5419607843137255,0.31827170138888894,0.6563480392156863,0.4326589562908497,G-alligator
