name,SVD component 1,SVD component 2,SVD component 3,SVD component 4,Class
grieta1.jpg,0.24098334394064835,0.17573609143191551,0.015607356977923472,0.026641658964384328,G-Transverse
grieta2.jpg,0.24762540485827392,0.1436805207164531,-0.07083530116449031,0.10602112202665959,G-Transverse
grieta3.jpg,0.2326362593244184,0.07407335088530094,-0.15522448883546702,0.08149181345091619,G-Transverse
grieta4.jpg,0.23621917670759984,0.06259789866713557,-0.14154497925381967,0.05964311148525776,G-Transverse
grieta5.jpg,0.2372893865253915,0.05799026721762374,-0.08528086037022846,0.020076159577598368,G-Transverse
grieta6.jpg,0.23601074556960672,0.10593470916337981,-0.0898973603234933,0.03581623445215,G-Transverse
grieta7.jpg,0.23693095085253935,0.128644517160189,-0.07058688773861437,0.03505576592893764,G-Transverse
grieta8.jpg,0.23263596712320964,0.10603106398480643,-0.0633628132996703,0.07476219926975611,G-Transverse
grieta9.jpg,0.24156148397858962,0.05725241346289778,-0.0782976271998278,0.05218254865096093,G-Transverse
grieta10.jpg,0.24911045059787473,-0.0024447433078054882,-0.11221030174564108,0.02350366712942506,G-Transverse
grieta11.jpg,0.23794565864168826,-0.05114255090262626,-0.024837891136553478,0.04464659146425406,G-Transverse
grieta12.jpg,0.24156080312553557,-0.12921201564752083,-0.03630799076651595,0.03199547802794407,G-Transverse
grieta13.jpg,0.23812634191996623,-0.19842148077707206,-0.10658779017518616,0.09455217721208052,G-Transverse
grieta14.jpg,0.23731209975561143,-0.21622891235599984,-0.10345458876564276,0.12401606790042022,G-Transverse
grieta15.jpg,0.2390815026182109,-0.23822887195379305,-0.0522094735360657,0.10642577325278067,G-Transverse
grieta16.jpg,0.23706605262443603,-0.23772658276496564,0.004706701042118418,0.01938815232087346,G-Transverse
grieta17.jpg,0.2354496432419158,-0.20804291119800206,-0.06862422578291888,-0.0806329725985454,G-Transverse
grieta18.jpg,0.23859247426532088,-0.175249632019613,-0.06192643187704673,-0.1940068311502262,G-Transverse
grieta19.jpg,0.2141991613597694,-0.09140854415863722,-0.041658247253789776,-0.21110748767910464,G-Transverse
grieta20.jpg,0.22586926297782933,-0.1314509536463453,-0.0030446976793065093,-0.09095012041897613,G-Transverse
grieta21.jpg,0.22448964924104614,-0.0915950565659626,0.05813877194565623,0.08422587682477704,G-Transverse
grieta22.jpg,0.23283059238707876,-0.05143710598434172,0.08533446233639218,0.1633760126464204,G-Transverse
grieta23.jpg,0.22361663973157114,-0.0028917086685340365,0.08219907162847971,0.08052055167702797,G-Transverse
grieta24.jpg,0.23125491927288103,0.010272439943426345,0.1675429589600152,0.033424561182728324,G-Transverse
grieta25.jpg,0.2407329597567393,0.08132389081847351,0.1279400876802193,-0.055011915593559044,G-Transverse
grieta26.jpg,0.2483309820486193,0.0828376706979148,0.11959617162386552,-0.0363455017275141,G-Transverse
grieta27.jpg,0.238099405940362,0.07042521897201386,0.154388102486865,-0.04769634591228727,G-Transverse
grieta28.jpg,0.24223404702860546,0.05041437167851926,0.23136057716560213,0.02146239452700089,G-Transverse
grieta29.jpg,0.2380578598294032,0.1533648900124389,0.052477147723150826,-0.00827570915425055,G-Transverse
grieta30.jpg,0.239953048366769,0.20644722132705257,0.021530868865090536,-0.053733401923657026,G-Transverse
grieta31.jpg,0.24329224893413465,0.15636874423675104,0.11204772891131635,-0.0443199311681545,G-Transverse
grieta32.jpg,0.23602724459502897,0.17676776151457851,0.062153937195179296,-0.053886746656457,G-Transverse
grieta33.jpg,0.9632098035600933,-0.24755438654888906,-0.2106834981908428,-0.22670277270411998,G-Transverse
grieta34.jpg,0.9158901091609362,-0.18265060854839046,-0.1896185452893278,0.023482747393377204,G-Transverse
grieta35.jpg,0.9484331795381404,-0.17398035973881698,-0.1706422926759385,0.10412780408820685,G-Transverse
grieta36.jpg,0.956224223256836,-0.22992386876195722,-0.003104723396777405,0.2442621070338074,G-Transverse
grieta37.jpg,0.968336257595424,-0.24021155472904895,0.10270990909076942,0.25373838619246225,G-Transverse
grieta38.jpg,0.9817068805343399,-0.236617994958715,0.03620918797828281,0.18115781538985481,G-Transverse
grieta39.jpg,0.9646881701732117,-0.2935033762807587,0.04841006215050944,0.1616267110670036,G-Transverse
grieta40.jpg,0.9776139224243799,-0.3298848213656247,0.18740271447729767,0.1737154482844212,G-Transverse
grieta41.jpg,0.9956956290441445,-0.3341638423339616,0.21289967610892838,0.15135261133504185,G-Transverse
grieta42.jpg,0.9871182175204678,-0.18792474005415014,0.1957735997500321,0.07732813803687001,G-Transverse
grieta43.jpg,0.9506068640285297,-0.14974017485982777,0.16840585674676328,-0.05254281406254886,G-Transverse
grieta44.jpg,1.0364956216878392,-0.036341803316767785,0.12550627522757832,-0.2884592805666677,G-Transverse
grieta45.jpg,0.9229499310144575,0.05138413334543783,0.14892224621096012,-0.33789961071640523,G-Transverse
grieta46.jpg,0.9560902815615105,0.1484110723995076,0.1585270750295351,-0.1581913744231273,G-Transverse
grieta47.jpg,0.9944159880654061,0.17778257808854614,0.15982015780560285,0.15154677886012843,G-Transverse
grieta48.jpg,0.9708897378256497,0.22638302259894708,0.05752630119482321,0.23831999498724324,G-Transverse
grieta49.jpg,0.9599354942717124,0.18413882906679893,0.13221105103768707,0.27627343209259353,G-Transverse
grieta50.jpg,0.9685379466162483,0.24053873598901018,0.056239547361269876,0.22189049107944314,G-Transverse
grieta51.jpg,0.9583832699115455,0.35048067492074925,0.012031118356499726,0.0866855608945835,G-Transverse
grieta52.jpg,0.9561423968688195,0.3506340720001961,0.10279166299685026,0.07829819397038645,G-Transverse
grieta53.jpg,0.9241386046369493,0.34691097040852276,0.08912550962919052,0.08891655431827003,G-Transverse
grieta54.jpg,0.9541561663285127,0.36262060939056134,0.03161043221789689,0.12105175261181633,G-Transverse
grieta55.jpg,0.9359833011833193,0.42163434615264256,-0.039822998845622314,0.10897358958920111,G-Transverse
grieta56.jpg,0.9614143126451468,0.3461591444904922,0.009746864914969532,0.08236033206195563,G-Transverse
grieta57.jpg,0.9318729231581668,0.28207173429860505,-0.03881996156513225,0.04270798475181646,G-Transverse
grieta58.jpg,0.9662173926024716,0.16909671539430182,-0.12266536624696588,0.12853319894135323,G-Transverse
grieta59.jpg,0.9607813100985911,0.08139338053892808,-0.14934870822828122,0.24929678479925327,G-Transverse
grieta60.jpg,0.955078204962099,-0.08976117927582736,-0.26013876354347865,0.32160005666210717,G-Transverse
grieta61.jpg,0.9282383597655735,-0.2201349148704532,-0.2888760384541781,0.2900926187187257,G-Transverse
grieta62.jpg,0.9928469995483586,-0.3067197073930567,-0.3091449456402552,0.2325671060576512,G-Transverse
grieta63.jpg,1.0399010398540671,-0.31052450986615965,-0.375635505226782,-0.049247442495296195,G-Transverse
grieta64.jpg,1.1783334725434687,-0.35986318693168373,-0.3229178926500898,-0.3058709041175836,G-Transverse
grieta65.jpg,0.23584143271810476,0.1206798652431846,-0.06223152869103414,0.04644513414553473,G-Transverse
grieta66.jpg,0.26176673831516223,0.12325272696447631,-0.08005499616047705,0.0264508171936765,G-Transverse
grieta67.jpg,0.24380884874001096,0.08748019252137515,-0.09597761964210619,0.05022441676918646,G-Transverse
grieta68.jpg,0.2623876278095014,0.052972606994925134,-0.04134861932458983,0.064295234135018,G-Transverse
grieta69.jpg,0.24342731922648753,-0.030779387378516314,-0.08109971009845524,-0.01342172375663263,G-Transverse
grieta70.jpg,0.27954448443888913,-0.10338044498931138,-0.07222532956163805,0.060250216384340805,G-Transverse
grieta71.jpg,0.2437578454188985,-0.14013101847146212,-0.08462632467950637,0.051392461045242865,G-Transverse
grieta72.jpg,0.25957719176662536,-0.20746874054482897,-0.09052944958967518,0.11904488708052223,G-Transverse
grieta73.jpg,0.2374991043966026,-0.22993559818138096,-0.037567232211243896,0.09082378793095217,G-Transverse
grieta74.jpg,0.26401347074302894,-0.26117790133898416,-0.07772146547378112,0.09400254708702231,G-Transverse
grieta75.jpg,0.2478671115432806,-0.22687169777857125,0.013356549991303894,-0.031016744126163436,G-Transverse
grieta76.jpg,0.2711049695678417,-0.17081838755401216,-0.09215391349614753,-0.2018072671475955,G-Transverse
grieta77.jpg,0.2697669152723435,-0.21672133028812987,-0.03669211326368753,-0.23677463859822748,G-Transverse
grieta78.jpg,0.2799262682264948,-0.10918009876634274,-0.04632817662840756,-0.17354031397171762,G-Transverse
grieta79.jpg,0.24002858702304747,-0.1292202030014152,-0.008106103920047854,-0.05036306194541662,G-Transverse
grieta80.jpg,0.23194453080066915,-0.07759756123315173,0.04990795228343005,0.08929805523959695,G-Transverse
grieta81.jpg,0.22841663539635626,-0.052998586045358266,0.12029813971841752,0.1468659970844823,G-Transverse
grieta82.jpg,0.24407780970697868,0.04467145429699992,0.07669150350143593,0.027265610500777505,G-Transverse
grieta83.jpg,0.2413290634854379,0.03715657973383408,0.12214352779950938,0.03277124474748089,G-Transverse
grieta84.jpg,0.2617879341373319,0.08453934318617902,0.14254794681566554,-0.08725688202354637,G-Transverse
grieta85.jpg,0.24281504003198126,0.03229139055242021,0.22332023583059596,0.0009117313488949154,G-Transverse
grieta86.jpg,0.2753281012784617,0.13277202137317445,0.07501263570164902,-0.05132551050721247,G-Transverse
grieta87.jpg,0.2450374778354959,0.09022209934442077,0.18397489623456825,0.00618389037882185,G-Transverse
grieta88.jpg,0.2614918520252299,0.14422454407998847,0.09256830851843069,-0.016203305812388574,G-Transverse
grieta89.jpg,0.24068405937129533,0.20348133376130795,0.01813204507225899,-0.09769864703118174,G-Transverse
grieta90.jpg,0.2662655103505131,0.18346575605419257,0.12716264056928916,-0.03927417700950302,G-Transverse
grieta91.jpg,0.24904890424368623,0.180163986457206,0.052168850308506584,-0.02345492633550274,G-Transverse
grieta92.jpg,0.2585995077281734,0.16326988179956284,-0.06116827333918416,0.04049797543152858,G-Transverse
grieta93.jpg,0.24220461110781397,0.1186879122914315,-0.06134126465809202,0.0883282273668826,G-Transverse
grieta94.jpg,0.2758401673771149,0.07114763475606924,-0.15160028964326183,0.05199754534414938,G-Transverse
grieta95.jpg,0.4097109491620754,0.1304428977759081,-0.20017148014519143,0.024755753089087056,G-Transverse
grieta96.jpg,0.4174501097692957,0.14221843574279158,-0.08980462074334347,-0.004016585303524039,G-Transverse
grieta97.jpg,0.24081551465495016,0.12960484304778366,-0.08108026949627661,0.004964328745199384,G-Transverse
grieta98.jpg,0.25481507706215806,0.13511772858651594,-0.027778390556091156,0.07065925361019862,G-Transverse
grieta99.jpg,0.2555459769697623,0.08234772038300511,-0.0884793492000461,0.0714818194878499,G-Transverse
grieta100.jpg,0.244234194713301,0.026511231409089252,-0.17660916445308777,0.01989770040320266,G-Transverse
grieta101.jpg,0.25142315963460865,0.011853922760266465,-0.038536919946522946,0.04662956241691159,G-Transverse
grieta102.jpg,0.23457280718661216,-0.05621626016652737,0.03743800598764088,-0.023934469613737325,G-Transverse
grieta103.jpg,0.24699306563844214,-0.17121031654820631,-0.10412059819781391,0.033665059489165795,G-Transverse
grieta104.jpg,0.24407903442353457,-0.18003021668551036,-0.1682150754464094,0.10747773098385437,G-Transverse
grieta105.jpg,0.2431195397157841,-0.18516566633420325,-0.0929179784176439,0.1331134968161102,G-Transverse
grieta106.jpg,0.25175445122025536,-0.2526675368262156,0.04698095111360843,0.060248891598703336,G-Transverse
grieta107.jpg,0.24174925389557084,-0.2502454286715568,-0.03463256115215528,0.042582534833181904,G-Transverse
grieta108.jpg,0.2710127273014004,-0.20212163615061204,-0.08355269021184981,-0.10466648402803672,G-Transverse
grieta109.jpg,0.2949626989274828,-0.07151702341670287,-0.12697520880435614,-0.3756943060080211,G-Transverse
grieta110.jpg,0.3098625790733523,-0.2081445408990766,-0.027000285753810957,-0.365874667510195,G-Transverse
grieta111.jpg,0.16593395757337853,-0.1014400590886225,0.012146466781489219,-0.009670022551433535,G-Transverse
grieta112.jpg,0.3101024709644032,-0.0666075255298326,0.03317936152346538,0.22192661693486276,G-Transverse
grieta113.jpg,0.2578575566294987,-0.021854866940187973,0.027722568620002275,0.13598473452496523,G-Transverse
grieta114.jpg,0.2635741078421298,-0.04489070786444324,0.21718782023197955,0.10172283625870726,G-Transverse
grieta115.jpg,0.23813341290288853,0.07182010897012897,0.14376057420877525,-0.05043787459335374,G-Transverse
grieta116.jpg,0.2492001668356675,0.1336016620424927,-0.007609967100777598,-0.027006543594447895,G-Transverse
grieta117.jpg,0.26003273535910404,0.0819654691049836,0.11256817124746807,-0.09774483803751592,G-Transverse
grieta118.jpg,0.23714825915698473,-0.035015930944802,0.3339527683595633,0.01653611967106873,G-Transverse
grieta119.jpg,0.24070986969529898,0.11505118229122654,0.06624942775980347,0.02415921249554847,G-Transverse
grieta120.jpg,0.24563458709111827,0.2360976721491072,-0.047627248370744696,-0.029827397758221876,G-Transverse
grieta121.jpg,0.248544894424019,0.14221982447017276,0.0874807077388914,-0.03148560485405494,G-Transverse
grieta122.jpg,0.2559509405583803,0.15985882755301245,0.07513070721662193,-0.12659623825321503,G-Transverse
grieta123.jpg,0.24155352820043216,0.19756497628649533,0.07631749430823079,-0.04673757784687277,G-Transverse
grieta124.jpg,0.24733252794354418,0.17791065108301687,0.02069503650563234,0.08083255077942561,G-Transverse
grieta125.jpg,0.24523348015609403,0.11408488235022385,-0.18307677765317792,0.09200043643444009,G-Transverse
grieta126.jpg,0.2240133438544803,0.055528472681316346,-0.1619776601433825,0.07167634191370603,G-Transverse
grieta127.jpg,0.24235592104917636,0.022626067900082047,-0.09958608199117497,0.029099032536665438,G-Transverse
grieta128.jpg,0.243935680175376,0.07205626428418584,-0.12015180655137361,0.008367101221297801,G-Transverse
grieta129.jpg,0.33647018810028356,0.09187714682629375,-0.09070561564325635,0.11326625381290904,G-Transverse
grieta130.jpg,0.3487669858148604,0.017702192106306833,-0.18544221453178308,0.05050235454307042,G-Transverse
grieta131.jpg,0.3519544940978929,-0.03320113434543358,-0.1245753318067862,0.08819265497721432,G-Transverse
grieta132.jpg,0.33708476524962094,-0.09297242008557068,0.02723787958723433,0.025280847429010437,G-Transverse
grieta133.jpg,0.3550523980839506,-0.23889541381165222,-0.11502551304263493,0.05020033341634866,G-Transverse
grieta134.jpg,0.3532408305362027,-0.27624180377016205,-0.18950127695712177,0.10796154488297824,G-Transverse
grieta135.jpg,0.35682290425121077,-0.27204118619249756,-0.12866227437696806,0.1576080346213592,G-Transverse
grieta136.jpg,0.3433065621980103,-0.3213236295138291,0.0030579998409690032,0.0751238161667938,G-Transverse
grieta137.jpg,0.3348046145245359,-0.31101365977272,-0.013912726489603903,0.039499279440774415,G-Transverse
grieta138.jpg,0.36669224547701407,-0.3090587635021206,-0.08118850070155761,-0.09473149345231224,G-Transverse
grieta139.jpg,0.3594988781668994,-0.14227527766904172,-0.09324157748374529,-0.29761418492325054,G-Transverse
grieta140.jpg,0.3579416428346731,-0.1883847360790016,-0.035510384494512444,-0.36460444065276604,G-Transverse
grieta141.jpg,0.35131339305985254,-0.1866524272907335,0.029099154981325523,-0.08683632591831798,G-Transverse
grieta142.jpg,0.3675750849004433,-0.07877461895028072,0.09137295713105148,0.21259250748322733,G-Transverse
grieta143.jpg,0.35657993387834785,-0.028007024022597856,0.06551932057136824,0.1833385155755687,G-Transverse
grieta144.jpg,0.3381985389517385,-0.0102901259401468,0.18175909715926325,0.13154930363032077,G-Transverse
grieta145.jpg,0.3416352852073806,0.05617339563201128,0.2675366480499318,-0.0012574134387806982,G-Transverse
grieta146.jpg,0.3535255632371609,0.17409600353166071,0.06675139500133787,-0.019916719992372527,G-Transverse
grieta147.jpg,0.3476975306011374,0.14403245338151272,0.1318772131660552,-0.08824512290548,G-Transverse
grieta148.jpg,0.3343428179228653,0.04427968859367163,0.35540594775717155,-0.02175167270782994,G-Transverse
grieta149.jpg,0.3478718616771034,0.12293759101213067,0.20019637996696585,0.051828079807291386,G-Transverse
grieta150.jpg,0.3496016702145011,0.3019569369331551,-0.03614600475716249,-0.02803958997320499,G-Transverse
grieta151.jpg,0.3481017197553267,0.23615066504455032,0.08668672453879676,-0.013906501878485349,G-Transverse
grieta152.jpg,0.352875644566097,0.20676623117923087,0.10628496888839323,-0.08314420283813624,G-Transverse
grieta153.jpg,0.3367916755791139,0.2581234599076123,0.04554035316931021,-0.05026636749345327,G-Transverse
grieta154.jpg,0.35235890571892015,0.23860063995054046,0.030079335692662454,0.0847611127811485,G-Transverse
grieta155.jpg,0.3425884089271153,0.19299890163928307,-0.16141081687627606,0.1361014829103686,G-Transverse
grieta156.jpg,0.32373525369183265,0.10841517866775392,-0.20249311017504443,0.08781990893620237,G-Transverse
grieta157.jpg,0.34474249764984116,0.08809614775376308,-0.16311986071602386,0.0851449640512973,G-Transverse
grieta158.jpg,0.34973913503294035,0.07792365995737474,-0.15535055090600625,0.03693660376811403,G-Transverse
grieta159.jpg,0.34037412644037063,0.1623759256445261,-0.12213278667713232,0.034228533576009315,G-Transverse
grieta160.jpg,0.34528456561171417,0.14648119069184126,-0.07687658814994824,0.07491910192862716,G-Transverse
grieta161.jpg,0.28319800469983347,0.06065103256886733,-0.15440427720112354,0.042709964715697726,G-Transverse
grieta162.jpg,0.28439090738733686,0.10304639467350099,-0.13904849870885166,0.04516598900919708,G-Transverse
grieta163.jpg,0.2839188869938946,0.10941819891105041,-0.07324347744025078,0.0009171790745879337,G-Transverse
grieta164.jpg,0.2823767178471908,0.15708672105055713,-0.06596697787859185,0.050168379383383754,G-Transverse
grieta165.jpg,0.29938993731341484,0.12346980746502606,-0.09582991699252513,0.04489347568545043,G-Transverse
grieta166.jpg,0.2902242699336966,0.06661940501216428,-0.10571541969651714,0.06957599282626113,G-Transverse
grieta167.jpg,0.29268342467169567,0.01672356124996173,-0.06685585146506019,0.03353457399893506,G-Transverse
grieta168.jpg,0.28454639641477597,-0.05430875222243748,-0.07311306150111042,0.03031191278253611,G-Transverse
grieta169.jpg,0.2903723300568734,-0.1256598770244744,-0.03651227963714996,0.048381307039963066,G-Transverse
grieta170.jpg,0.28804247777711456,-0.19971500243072376,-0.134122979886035,0.08569548617441117,G-Transverse
grieta171.jpg,0.28465725661145114,-0.23526299659829383,-0.11009929050574081,0.12693270963192996,G-Transverse
grieta172.jpg,0.2850763373584882,-0.2535714294108697,-0.03505222080179167,0.11271037432364978,G-Transverse
grieta173.jpg,0.2957559874009904,-0.30777595703683736,-0.025189775624941544,0.03336085197384772,G-Transverse
grieta174.jpg,0.2899050800752714,-0.24241433646118093,-0.03183215794335894,-0.06254024709642314,G-Transverse
grieta175.jpg,0.30603465594354906,-0.20180432937360077,-0.09160044844163794,-0.23657804088131995,G-Transverse
grieta176.jpg,0.2842269912263315,-0.16801080051018186,-0.04048313945461158,-0.27227313209058474,G-Transverse
grieta177.jpg,0.29324048111240647,-0.13972677268388448,0.02393463417581224,-0.13113333625236445,G-Transverse
grieta178.jpg,0.2897575013078144,-0.1203825961190641,0.001636632374010759,0.0490773586264705,G-Transverse
grieta179.jpg,0.27521841983401435,-0.07421158251259397,0.10755276816592105,0.15219476085307504,G-Transverse
grieta180.jpg,0.2792633723442717,-0.041262609867771985,0.14753607927811604,0.10522487005150077,G-Transverse
grieta181.jpg,0.2869044837581881,0.039037416078242536,0.13297055131184857,0.019524055699852126,G-Transverse
grieta182.jpg,0.28334876623436744,0.07830869053991493,0.16916109522830056,-0.03629629309130554,G-Transverse
grieta183.jpg,0.28656378313352426,0.10140155203719362,0.13352440814955716,-0.06024204746990781,G-Transverse
grieta184.jpg,0.2844696619984799,0.05689001817477421,0.22962041052079438,-0.02822110866382979,G-Transverse
grieta185.jpg,0.2880346505660472,0.10141605083127511,0.20421491165888744,-0.025267560937791613,G-Transverse
grieta186.jpg,0.2892516746236623,0.15589851923322398,0.13622088591300538,0.007817901445858519,G-Transverse
grieta187.jpg,0.286556630236351,0.21801907552886113,0.05292685494662504,-0.05450835428625093,G-Transverse
grieta188.jpg,0.2886293801976499,0.2153267806147711,0.09152924763188486,-0.07877637226903556,G-Transverse
grieta189.jpg,0.3000013916205495,0.19726073053515253,0.13910880900863778,-0.04506661918399696,G-Transverse
grieta190.jpg,0.28429864025019136,0.22418445559461483,0.018772138714376378,0.003018942675914127,G-Transverse
grieta191.jpg,0.2838159727133928,0.1669282424510966,-0.06263375686769776,0.0723775830036103,G-Transverse
grieta192.jpg,0.2797989437498422,0.12444992553793509,-0.12318228614409522,0.10488677682809862,G-Transverse
grieta193.jpg,0.2079733999891978,0.06610572831835501,-0.009997341477079142,-0.040429897143569295,G-Transverse
grieta194.jpg,0.21634860988369656,0.09522050649501287,-0.008204221239548977,-0.03790089032614606,G-Transverse
grieta195.jpg,0.207383913561429,0.10673347242491879,-0.0021074729161030216,-0.010356534633296768,G-Transverse
grieta196.jpg,0.2066521317048052,0.06704587524024784,0.013464760542561682,0.013812938389082364,G-Transverse
grieta197.jpg,0.21074368707834165,0.04772741094314022,-0.03065271101112567,0.0028507322628345128,G-Transverse
grieta198.jpg,0.21455355258470388,0.053978444031479084,-0.03799312220947309,-0.017139763839063973,G-Transverse
grieta199.jpg,0.23267323684738028,0.03525835744157019,0.007184653288207231,-0.0386754572310686,G-Transverse
grieta200.jpg,0.21757783746846182,-0.03825976194510937,-0.024069794939469796,-0.01933362783021348,G-Transverse
grieta201.jpg,0.24056173516491428,-0.01750932503257481,-0.049989463277760215,0.04688105976642763,G-Longitudinal
grieta202.jpg,0.25175636143328345,-0.03758922817888452,-0.05134906931210319,-0.030121571266880136,G-Longitudinal
grieta203.jpg,0.23868810441395777,-0.03247540925178092,-0.03546723008873367,-0.01670237582081892,G-Longitudinal
grieta204.jpg,0.2409686036536367,-0.0290220742046393,-0.02227348535804238,0.0012966492625456766,G-Longitudinal
grieta205.jpg,0.23508469186298886,-0.04578386183748115,0.003322252008257344,-0.060845526413247045,G-Longitudinal
grieta206.jpg,0.2353798557384937,-0.04306505755647211,-0.0005987846894436009,-0.09955793794891918,G-Longitudinal
grieta207.jpg,0.23327903493331192,-0.02305201879595319,-0.029816458687643238,-0.07389815602366837,G-Longitudinal
grieta208.jpg,0.23533812954060013,-0.02647073183744793,-0.03710102995293181,-0.03524022894035224,G-Longitudinal
grieta209.jpg,0.24094115396412105,-0.024650538474303853,-0.042515672249673314,-0.029759230047541975,G-Longitudinal
grieta210.jpg,0.2494624635088566,-0.01890937928462631,-0.0414192502143168,-0.03538174631413485,G-Longitudinal
grieta211.jpg,0.23677632515943164,-0.02569082370707079,-0.03598809959567427,-0.03929044365395873,G-Longitudinal
grieta212.jpg,0.23919550479701776,-0.029513387295338058,-0.017124689489745108,-0.04205706619833256,G-Longitudinal
grieta213.jpg,0.23405530260209043,-0.01818981442565893,-0.01944960031299353,-0.0421466006159187,G-Longitudinal
grieta214.jpg,0.2393345522111776,-0.024098439878100397,-0.04978603906058345,-0.04081504323612656,G-Longitudinal
grieta215.jpg,0.24000632957696588,-0.04235060395911957,-0.027783900320564527,-0.09341934614917163,G-Longitudinal
grieta216.jpg,0.23678218121680306,-0.03331318820730317,-0.050111006142120204,-0.10104643841955163,G-Longitudinal
grieta217.jpg,0.24022422650573882,-0.039269877835558374,-0.05343060614813144,-0.15674175304911403,G-Longitudinal
grieta218.jpg,0.22987512953997766,-0.057560681918801745,-0.03456751061007898,-0.12711526537223664,G-Longitudinal
grieta219.jpg,0.2105352637680643,-0.025935176413407895,-0.03475447518317596,-0.08072851111767065,G-Longitudinal
grieta220.jpg,0.22597527138147075,-0.047516654935991665,-0.06920912815639046,-0.06564767856684696,G-Longitudinal
grieta221.jpg,0.2214783121110162,-0.0412275132662155,-0.07085583410722276,-0.05983156163364966,G-Longitudinal
grieta222.jpg,0.23603388710069248,-0.03888850025253181,-0.05698305627854361,-0.03646368454549785,G-Longitudinal
grieta223.jpg,0.23209817393381266,-0.02806414104169516,-0.07067020169452182,-0.026395999150433412,G-Longitudinal
grieta224.jpg,0.2364974830246906,-0.02998912534953808,-0.04130278543249168,0.020310917752253816,G-Longitudinal
grieta225.jpg,0.24003836271559645,-0.024966513247697178,-0.021196105546378855,0.07466152166485168,G-Longitudinal
grieta226.jpg,0.2518290170315709,-0.01383544141319441,-0.033533940715573106,0.06735919334665502,G-Longitudinal
grieta227.jpg,0.24043474351360306,-0.022558107426277396,-0.0319270236358056,0.07363137431446715,G-Longitudinal
grieta228.jpg,0.24410480384413058,-0.02505829817612668,-0.04024189108416882,0.08512684372582599,G-Longitudinal
grieta229.jpg,0.23874608598475677,-0.013073762464066503,-0.053146834069092944,0.08459217793082,G-Longitudinal
grieta230.jpg,0.24093619645414815,-0.017039286645358705,-0.05140482370722057,0.11755788245503705,G-Longitudinal
grieta231.jpg,0.2401900752193132,-0.02791677760720402,-0.023492747983442752,0.10863516456715654,G-Longitudinal
grieta232.jpg,0.2364753527291829,-0.016856057344009544,-0.0334840540311975,0.082824681266395,G-Longitudinal
grieta233.jpg,0.9529276596441345,-0.19440340204643589,-0.18823776677550363,-0.2771314653539227,G-Longitudinal
grieta234.jpg,0.9046803238284291,-0.16454474490928583,-0.17884944051730556,-0.2215861355689124,G-Longitudinal
grieta235.jpg,0.9354510780662479,-0.10012601968068684,-0.22068228943382207,-0.17824081974724562,G-Longitudinal
grieta236.jpg,0.983325187673948,-0.15885672554726307,-0.21327861480051544,-0.1762094213298412,G-Longitudinal
grieta237.jpg,0.9469694214050478,-0.18485164539343138,-0.2172040904750946,-0.07201312858414356,G-Longitudinal
grieta238.jpg,0.9644160011134426,-0.13554412315062292,-0.20146195698596836,-0.07131708982551951,G-Longitudinal
grieta239.jpg,0.9569404483152052,-0.12838679261704655,-0.18999078517931858,-0.026650508335424358,G-Longitudinal
grieta240.jpg,0.9779848545338092,-0.12339291930941115,-0.16659440875827822,0.010087157892277557,G-Longitudinal
grieta241.jpg,1.0028732349874334,-0.12979153858731593,-0.22368054700953666,-0.011040279647158535,G-Longitudinal
grieta242.jpg,0.9877495998119148,-0.13033101884660175,-0.22068784153809604,-0.0013788156101691984,G-Longitudinal
grieta243.jpg,0.9604817387814694,-0.15866249756191433,-0.21901060556719001,0.01050955809252424,G-Longitudinal
grieta244.jpg,1.0292892191938985,-0.13826170384309966,-0.24830267591951863,0.017643097222304366,G-Longitudinal
grieta245.jpg,0.9279973437998743,-0.1385921988742162,-0.22391718111603237,0.060223750879416324,G-Longitudinal
grieta246.jpg,0.9456274513529422,-0.16810143591430746,-0.24750153147972687,0.06751353752095667,G-Longitudinal
grieta247.jpg,0.992584280999214,-0.1210529794261189,-0.23226588615043708,0.06936598420287708,G-Longitudinal
grieta248.jpg,0.9619974305962786,-0.09813494574946312,-0.23716964181754263,0.06919890286869547,G-Longitudinal
grieta249.jpg,0.9658655962351705,-0.16088881262543112,-0.21947929218375498,0.11457466591170723,G-Longitudinal
grieta250.jpg,0.9922162963221695,-0.1746395818600376,-0.18000751446533086,0.0656089751426486,G-Longitudinal
grieta251.jpg,0.9602134861572726,-0.14326113368423773,-0.16437102951046084,0.07921297793569937,G-Longitudinal
grieta252.jpg,0.9898297216787669,-0.1538133767005285,-0.14204767783680075,0.09097771886205633,G-Longitudinal
grieta253.jpg,0.9239598007455141,-0.14595195762802296,-0.14331305212390785,0.09617769846003965,G-Longitudinal
grieta254.jpg,0.9563726805430406,-0.13720082710393533,-0.17905523701207185,0.10272273537353346,G-Longitudinal
grieta255.jpg,0.9317747405317991,-0.10476551074418738,-0.16717171061702543,0.13995077870228212,G-Longitudinal
grieta256.jpg,0.9428553723795438,-0.12018301647630278,-0.1701943408384847,0.10133390163289824,G-Longitudinal
grieta257.jpg,0.9256900496719143,-0.12975787590472895,-0.16817125952995468,0.13248226890864684,G-Longitudinal
grieta258.jpg,0.962216720844744,-0.12952548824977678,-0.1671996099808655,0.0752539478472698,G-Longitudinal
grieta259.jpg,0.9459071466018312,-0.14386976722945116,-0.17993637832916146,0.01982657529387897,G-Longitudinal
grieta260.jpg,0.9855068220975867,-0.14509436118182129,-0.1931502887593781,-0.02315716434538196,G-Longitudinal
grieta261.jpg,0.9251669924548711,-0.14299709954015632,-0.1895111820687992,-0.09722610874919507,G-Longitudinal
grieta262.jpg,0.9716313770497418,-0.18955465773341282,-0.18817656767469387,-0.19086534189104984,G-Longitudinal
grieta263.jpg,1.0313378196585539,-0.18527335695225874,-0.15816021264378446,-0.3156638805254924,G-Longitudinal
grieta264.jpg,1.1660767807314094,-0.2172863435111841,-0.21971937932201324,-0.3972194010324173,G-Longitudinal
grieta265.jpg,0.23546184359647102,-0.028646381549055418,0.029886436134346866,-0.05925620686662634,G-Longitudinal
grieta266.jpg,0.2531980586151717,-0.012406332155924545,-0.009004720547594457,-0.04912554532869509,G-Longitudinal
grieta267.jpg,0.24514369150259646,0.002770203420009575,-0.0063944654440734015,-0.0032424948837510396,G-Longitudinal
grieta268.jpg,0.3016242516090248,-0.04097198047428197,-0.0024788728056326084,-0.15999826593412564,G-Longitudinal
grieta269.jpg,0.24402357189949256,-0.00046013960076551284,0.008093782628966099,-0.018464759501579123,G-Longitudinal
grieta270.jpg,0.2701144859228606,0.01216057422095139,-0.0007019470168480422,-0.010097197805667514,G-Longitudinal
grieta271.jpg,0.24165801482635343,-0.0202505636148526,-0.004603611848737906,-0.02789049216254985,G-Longitudinal
grieta272.jpg,0.26577110425221584,0.0021542918377656026,0.0385114486004161,-0.04132465857697616,G-Longitudinal
grieta273.jpg,0.23824968295288604,0.00370097574048033,-0.02459159442094525,-0.01785953291454739,G-Longitudinal
grieta274.jpg,0.25850779272039814,-0.024138071151661254,-0.011144776348856933,-0.11107551018458826,G-Longitudinal
grieta275.jpg,0.24382220191635284,-0.022390858537764877,0.010458752761968736,-0.08271315951237587,G-Longitudinal
grieta276.jpg,0.27397206303659916,-0.018569992238489364,-0.00905709513642925,-0.1295864895913009,G-Longitudinal
grieta277.jpg,0.25498685104418645,-0.023258401823197772,-0.012285003756357982,-0.10264959215280142,G-Longitudinal
grieta278.jpg,0.2670418459371804,-0.029893586426454025,-0.01851514134118904,-0.06977111459002722,G-Longitudinal
grieta279.jpg,0.24421711919397904,-0.015262782387193276,-0.027440669333193515,-0.04664857846292015,G-Longitudinal
grieta280.jpg,0.2390806757287043,-0.020035387795524433,-0.060864866849818705,-0.05632753902961384,G-Longitudinal
grieta281.jpg,0.23664284727270435,-0.027508059711450837,-0.022923356612935805,-0.021058041144037608,G-Longitudinal
grieta282.jpg,0.38544261509284045,0.06061642691714918,-0.021572264349494382,0.08101873484780375,G-Longitudinal
grieta283.jpg,0.2502893214136067,0.0035067739884597562,-0.01232304621010407,0.051117260933014885,G-Longitudinal
grieta284.jpg,0.27152000214396554,-0.02259084756935683,0.0012256000233145615,0.09454391848166055,G-Longitudinal
grieta285.jpg,0.247628085333306,0.0043802577944189345,0.0003345640333218833,0.08863304169690972,G-Longitudinal
grieta286.jpg,0.2728818295860644,0.01597781764180812,-0.023264901478625255,0.09467487854975226,G-Longitudinal
grieta287.jpg,0.24561009199546063,-0.014382310862030866,-0.025595497645236946,0.10589271230126446,G-Longitudinal
grieta288.jpg,0.27151303299947854,0.003251462995757773,-0.0062435977226187695,-0.030722467574660864,G-Longitudinal
grieta289.jpg,0.23809689794397165,0.01165661076269053,-0.010866249403342812,0.14551196290568813,G-Longitudinal
grieta290.jpg,0.2590532990089217,-0.0051122650964989845,-0.0003747659921094172,0.14924373088611093,G-Longitudinal
grieta291.jpg,0.24796873253412113,-0.0005001640981633418,0.012830509784859319,0.059564341370956585,G-Longitudinal
grieta292.jpg,0.2711013541871173,-0.003914506133878739,-0.018054868835641846,0.06381940270925754,G-Longitudinal
grieta293.jpg,0.24800073285696553,-0.008038694873071564,-0.004296302507422021,0.018314240390878908,G-Longitudinal
grieta294.jpg,0.27492377131124995,-0.02073750124220596,0.023607428232450645,-0.004383840937866585,G-Longitudinal
grieta295.jpg,0.4120249507175304,-0.005369068858843586,0.013949517339920448,-0.012583203408793946,G-Longitudinal
grieta296.jpg,0.4201918166172739,0.0002257726224961559,0.035592789727299595,-0.06365666663430194,G-Longitudinal
grieta297.jpg,0.23557316930400268,0.011228589077930158,0.02510097200428171,-0.1194983215427179,G-Longitudinal
grieta298.jpg,0.2536893397310095,-0.009869994545880658,0.011122489385039997,-0.037103589407796934,G-Longitudinal
grieta299.jpg,0.26166176546346404,-0.015236952097789112,-0.0045802937034919895,-0.022711978061802727,G-Longitudinal
grieta300.jpg,0.2403695489122753,0.014631411225884293,-0.006077517083233678,-0.029625054831290704,G-Longitudinal
grieta301.jpg,0.2579666147026741,0.002093417677818144,-0.01309989925756317,-0.03174524038837178,G-Longitudinal
grieta302.jpg,0.24538367864872496,-0.015012494374411602,0.029125521895394368,-0.052069961262631595,G-Longitudinal
grieta303.jpg,0.24436086013232372,0.01607068474689172,0.01825682259022361,-0.042157246499490104,G-Longitudinal
grieta304.jpg,0.2428195455445356,0.004845940690566771,-0.027369642419847337,-0.03265710202158483,G-Longitudinal
grieta305.jpg,0.23971005425971936,0.010111947609877648,0.01652893378882613,0.08187068629796293,G-Longitudinal
grieta306.jpg,0.25047925473908284,0.009762341853540735,-0.01691884825632647,-0.05133002155462185,G-Longitudinal
grieta307.jpg,0.2422644121293833,-0.0011777328693957285,-0.04410960025896954,-0.14153761061547634,G-Longitudinal
grieta308.jpg,0.2618706546703252,-0.04212021888813302,0.01626714942380364,-0.17165023453668687,G-Longitudinal
grieta309.jpg,0.2862612354984163,-0.008048049117207483,0.01249801855373915,-0.1277646277246394,G-Longitudinal
grieta310.jpg,0.30422290098349575,0.010260574774845911,-0.008215262123439173,0.045071962081256654,G-Longitudinal
grieta311.jpg,0.17034975408300018,-0.014537089372272417,-0.028347865188798498,-0.06263245630783115,G-Longitudinal
grieta312.jpg,0.30726647653940287,-0.014209891162792244,-0.018116261663258863,-0.03264180910594118,G-Longitudinal
grieta313.jpg,0.2659333278637248,0.005738580650643947,-0.05237179634281981,-0.08448100668346642,G-Longitudinal
grieta314.jpg,0.26868586938257044,-0.013903944981930325,-0.025157096343709686,-0.02807151009712188,G-Longitudinal
grieta315.jpg,0.2507427757269004,-0.005120002989410405,0.009826869489507381,0.09272490959911248,G-Longitudinal
grieta316.jpg,0.24780093633091282,0.019950085731043447,0.010151524491795565,0.05158114982879243,G-Longitudinal
grieta317.jpg,0.26702060434741504,1.6220729633908973e-05,0.020275879144531026,0.04971855378152605,G-Longitudinal
grieta318.jpg,0.24983734752615688,-0.010914578667081266,0.02439032966209307,0.08767351567876805,G-Longitudinal
grieta319.jpg,0.24688364015876665,0.018136163500701477,-0.03272834016787822,0.0489582997464179,G-Longitudinal
grieta320.jpg,0.24721609904439587,0.011869280753227537,-0.04036231571384878,0.09833420494101892,G-Longitudinal
grieta321.jpg,0.2469187941248121,-0.0018440150662559357,0.022978377882220506,0.0948131431167032,G-Longitudinal
grieta322.jpg,1.7888532374250343,0.365297426539069,0.2068981971198982,0.18459394621075642,G-Longitudinal
grieta323.jpg,0.24776323366689082,0.009861556754376992,-0.020783221556314437,0.10790842298486322,G-Longitudinal
grieta324.jpg,0.2406397882905271,-0.018209051364892592,0.0024948613370880147,-0.06001150599046362,G-Longitudinal
grieta325.jpg,0.2571410436664553,0.004787939129706539,-0.01534415465109636,-0.038818766548086164,G-Longitudinal
grieta326.jpg,0.24460164947081303,0.012371362760506809,-0.00033994818520547245,0.06670048644571783,G-Longitudinal
grieta327.jpg,0.2475402143784197,-0.026638143142918236,0.03976825698330611,-0.017318847577127212,G-Longitudinal
grieta328.jpg,0.24272286046936364,-0.02384952679309725,0.0457676380531941,-0.1157110800119721,G-Longitudinal
grieta329.jpg,0.3331724933940376,-0.07183598412913322,-0.027666722563516745,-0.06693807042077114,G-Longitudinal
grieta330.jpg,0.3489495223566431,-0.043513286498813884,-0.03851228983215857,-0.04131160562402831,G-Longitudinal
grieta331.jpg,0.357089788091258,-0.05304395780050893,-0.04556219227655218,-0.08484513244341582,G-Longitudinal
grieta332.jpg,0.3319552326318153,-0.07468135276113573,-0.014497150601540968,-0.0913700950751562,G-Longitudinal
grieta333.jpg,0.34538234565691495,-0.05484173614837524,0.003059995569703285,-0.09044423620272697,G-Longitudinal
grieta334.jpg,0.34777660869278354,-0.03619309439648942,-0.05162234207678055,-0.09045755859501557,G-Longitudinal
grieta335.jpg,1.794591907396295,0.35602044213726247,0.22963274784880838,0.14011081470068984,G-Longitudinal
grieta336.jpg,0.3411658786391273,-0.07237097295805107,-0.02631802450913906,-0.13101233766676978,G-Longitudinal
grieta337.jpg,0.333804927986135,-0.05497551020448652,-0.07525434577491547,-0.15813224061869308,G-Longitudinal
grieta338.jpg,0.35892371735839707,-0.09822006336272696,-0.02896473853088699,-0.2338542011100633,G-Longitudinal
grieta339.jpg,0.34585750716100494,-0.08776103784658235,-0.004470185626452215,-0.18145936084742664,G-Longitudinal
grieta340.jpg,0.35572055168688993,-0.04901696417217917,-0.03995035931043007,-0.1361368293921074,G-Longitudinal
grieta341.jpg,0.3407322746180196,-0.0448586177846891,-0.08661171385542223,-0.1333177106439531,G-Longitudinal
grieta342.jpg,0.3747586569846719,-0.07674419225581584,-0.045890696232394015,-0.03403077036631815,G-Longitudinal
grieta343.jpg,0.36507989674069286,-0.05567177272530229,-0.07069236259676578,-0.07576734831309069,G-Longitudinal
grieta344.jpg,0.3473368056345749,-0.07625524210599752,-0.0762631845796278,-0.052309637803632666,G-Longitudinal
grieta345.jpg,0.3479143410151413,-0.07271370204109813,-0.02719543830559379,0.07265428783334149,G-Longitudinal
grieta346.jpg,0.3545237201487872,-0.03611833184863769,-0.029145599719950357,0.09606772676367588,G-Longitudinal
grieta347.jpg,0.35584836598615543,-0.048629750348581684,-0.028140485383965696,0.048608361326880525,G-Longitudinal
grieta348.jpg,0.33465184380835783,-0.0672431443699316,0.003918346146931748,0.11590073949259727,G-Longitudinal
grieta349.jpg,0.33465184380835783,-0.0672431443699316,0.003918346146931748,0.11590073949259727,G-Longitudinal
grieta350.jpg,0.3522824403191775,-0.02850830396953798,-0.07626694068144797,0.12077086013200376,G-Longitudinal
grieta351.jpg,0.34623391381018354,-0.052988896776097985,-0.020620722716524688,0.12399404350837633,G-Longitudinal
grieta352.jpg,0.3460064785122989,-0.059549584348422495,-0.006949619791604191,0.10951153900725813,G-Longitudinal
grieta353.jpg,0.333085022329003,-0.04059535144296998,-0.0378314389284797,0.12496730615185889,G-Longitudinal
grieta354.jpg,0.3503804999551354,-0.07120896021036255,-0.03159932858742482,-0.03137277720959094,G-Longitudinal
grieta355.jpg,0.3541661581837016,-0.06989623117850699,-0.033898515907123866,-0.08599201814301029,G-Longitudinal
grieta356.jpg,0.3298862812151786,-0.04946321334141583,-0.029465927239573465,0.010254248881792792,G-Longitudinal
grieta357.jpg,0.3464196310816836,-0.07964732987384249,-0.0034302981284304833,-0.02039739606790554,G-Longitudinal
grieta358.jpg,0.34830172933179904,-0.08891463042776747,0.027697217953958523,-0.13606372371481615,G-Longitudinal
grieta359.jpg,2.8054070070606674,-0.6751252061662905,-0.3495400231182014,-0.266845519112547,G-Longitudinal
grieta360.jpg,0.340356531134002,-0.06888964845872651,-0.027105388679621353,-0.09144635514664863,G-Longitudinal
grieta361.jpg,0.2886428160997268,0.01885369678173291,-0.005762191232269304,0.022788330785366025,G-Longitudinal
grieta362.jpg,0.2862145494192656,0.006457420644644139,0.0029799899795775707,-0.021236032942791673,G-Longitudinal
grieta363.jpg,0.2794800138695454,0.004913405800953265,0.005171677112866407,-0.07144731693030561,G-Longitudinal
grieta364.jpg,2.844154725612155,-0.6438143352570106,-0.3223423634343206,-0.29530302536993314,G-Longitudinal
grieta365.jpg,0.29368112316415307,0.008618126319913618,-0.03644638943217707,-0.024267834518895505,G-Longitudinal
grieta366.jpg,0.28874336232084885,0.016693142366729512,-0.031780286405615935,-0.01021208855235346,G-Longitudinal
grieta367.jpg,0.29486140679522393,0.019096766055732083,-0.0368649686586828,0.0001074756498722412,G-Longitudinal
grieta368.jpg,0.2833983501730187,0.01824520788962631,-0.025766040387564023,-0.026266252522366806,G-Longitudinal
grieta369.jpg,0.2883868338555854,0.03001605191862811,-0.023973135736734208,-0.0193806124058414,G-Longitudinal
grieta370.jpg,0.28598800308312916,0.020696376847002988,-0.02372097839129787,-0.019745543907062478,G-Longitudinal
grieta371.jpg,0.28265099419543926,0.02393827925519561,-0.030699439949369738,-0.0420268370606908,G-Longitudinal
grieta372.jpg,0.28611872957385415,0.022386873716430965,-0.03770636465130155,-0.04846471814533583,G-Longitudinal
grieta373.jpg,0.2845227045082562,0.003127371421206839,-0.043418657092241394,-0.11272363689599581,G-Longitudinal
grieta374.jpg,0.278530118544435,0.013697295778391199,-0.04511706866581539,-0.10322218721095495,G-Longitudinal
grieta375.jpg,0.2961836069111899,-0.00465286000026645,-0.0275969572985393,-0.14778354279511804,G-Longitudinal
grieta376.jpg,0.27080759502751744,-0.013246223496049151,-0.03690120040347894,-0.09648101904067716,G-Longitudinal
grieta377.jpg,0.28329286364481426,0.01872933188817584,-0.04702915279871887,-0.04372323231511564,G-Longitudinal
grieta378.jpg,0.2913684211677263,0.00016392335951256843,-0.06693310403886574,-0.03705761256749783,G-Longitudinal
grieta379.jpg,0.27950316559769445,0.005471056115121152,-0.050320169249837704,-0.017691795935250564,G-Longitudinal
grieta380.jpg,0.2836937408063706,0.012865137674457034,-0.051834304630387,-0.004300163435383828,G-Longitudinal
grieta381.jpg,0.2948618969155674,0.015551689697601071,-0.05772509609347677,0.03284041671239521,G-Longitudinal
grieta382.jpg,0.2868029647106928,0.026429472163220877,-0.02626032182075104,0.10936928499939037,G-Longitudinal
grieta383.jpg,0.2916448143445382,0.030865087696127516,-0.017260374675829266,0.12247590299643592,G-Longitudinal
grieta384.jpg,0.2884443143368791,0.02089675233410753,-0.036441071393308905,0.08506373615328,G-Longitudinal
grieta385.jpg,0.2913272098412601,0.03459065708471733,-0.03511481261868811,0.13956546126684125,G-Longitudinal
grieta386.jpg,0.29044889901490817,0.02780913127849796,-0.066777860432601,0.11500527386805923,G-Longitudinal
grieta387.jpg,0.285911339649503,0.03447386167814833,-0.043458854924464135,0.15788178033504202,G-Longitudinal
grieta388.jpg,0.2863062915647959,0.03436670537956082,-0.024292425890145804,0.17769840740266143,G-Longitudinal
grieta389.jpg,0.29204115680022846,0.020785215530790706,-0.03055809637167248,0.14220071965391037,G-Longitudinal
grieta390.jpg,0.28375827925668246,0.031489974047525154,-0.040080462523609826,0.08666061041489483,G-Longitudinal
grieta391.jpg,0.28840458698917526,0.023789538769924047,-0.039901560427489116,0.030297311943580676,G-Longitudinal
grieta392.jpg,0.28705218294831103,0.010190320736196986,-0.035420195924404436,0.013278737643953483,G-Longitudinal
grieta393.jpg,0.20799437748397664,0.015177288950479328,0.05630590193093985,-0.014220392538222576,G-Longitudinal
grieta394.jpg,0.2152922652454486,0.014848116021532064,0.044729398539607584,-0.026837245173013256,G-Longitudinal
grieta395.jpg,0.2073030337789782,0.032195324763787204,0.023474499912769547,-0.0036456507566472174,G-Longitudinal
grieta396.jpg,0.20278278348529014,0.022009187776378596,0.02011889234257571,0.02742498689679826,G-Longitudinal
grieta397.jpg,0.20931484780243256,0.03236665607637772,0.012637030634695665,0.015883496382815956,G-Longitudinal
grieta398.jpg,0.21509067455828562,0.03205226426821131,0.01868846380977359,0.03324911513410945,G-Longitudinal
grieta399.jpg,0.225027031365736,0.026613575827515206,0.03597351891199362,0.015998073057990017,G-Longitudinal
grieta400.jpg,0.21523977405832836,0.02642578146782605,0.04267310712517807,0.013416618319136098,G-Longitudinal
grieta401.jpg,0.015785993254672462,0.0018524618019376078,0.00527298353863446,0.004695141936538599,Healthy-pavement
grieta402.jpg,0.01574091516709935,0.0018925600180761148,0.006481423565722504,0.005693293264224533,Healthy-pavement
grieta403.jpg,0.018795729921079977,0.002366729631848967,0.005358472031446525,0.01014278030883061,Healthy-pavement
grieta404.jpg,0.020238024046044644,0.005174905078335215,0.0026750629872497305,0.0013825533195674588,Healthy-pavement
grieta405.jpg,0.01577229335266846,0.001805096588219835,0.004752177940362242,0.0027624869145985876,Healthy-pavement
grieta406.jpg,0.021823728787431544,0.007839376383151827,-3.265867837719209e-05,-0.004447678628513147,Healthy-pavement
grieta407.jpg,0.017041930354093317,0.010346003217964965,0.0015689303919439132,-0.009126231111429961,Healthy-pavement
grieta408.jpg,0.01777418646938049,0.011463972617676177,0.001145708574967562,-0.004816969960381017,Healthy-pavement
grieta409.jpg,0.01753781950996676,0.012064148565807713,0.00042092179072954303,-0.0012266024246907307,Healthy-pavement
grieta410.jpg,0.021883655517647052,0.006779159999400422,-0.0007402366237013907,-0.007182127477137567,Healthy-pavement
grieta411.jpg,0.020563041947570127,-0.017364257644768673,-0.007465022414718424,-0.00812780163877967,Healthy-pavement
grieta412.jpg,0.020565026221659545,-0.01672577556594785,-0.00870386308278702,-0.004562253070777738,Healthy-pavement
grieta413.jpg,0.026150892156988053,-0.02510781492591659,-0.014884096851690823,-0.011531432348915852,Healthy-pavement
grieta414.jpg,0.03646398048659678,-0.020914092263719968,-0.015514220861446083,-0.03072732130638648,Healthy-pavement
grieta415.jpg,0.023513133102600645,-0.01877286983188839,-0.00983831981091907,-0.013166864067166278,Healthy-pavement
grieta416.jpg,0.055832908272261825,-0.002211183634227708,0.0033787001229587926,0.007254675808562726,Healthy-pavement
grieta417.jpg,0.04738066757511683,-0.0003135024829408852,0.007666679124637441,-0.0009048552350057063,Healthy-pavement
grieta418.jpg,0.04840846667927119,-0.0006105674652819779,0.006637536788721271,0.002158617968542453,Healthy-pavement
grieta419.jpg,0.05342964077267892,-0.0028253699927674896,0.01671976518436819,-0.005168798547463243,Healthy-pavement
grieta420.jpg,0.047478300470700265,0.0008772219308235365,0.006845431468837973,0.01381174167153816,Healthy-pavement
grieta421.jpg,0.026485358864024804,-0.0066762798170561305,-0.01174580951140588,-0.021456351110525768,Healthy-pavement
grieta422.jpg,0.026762439988736394,-0.005600027017587903,-0.009059317648546594,-0.007848643159570418,Healthy-pavement
grieta423.jpg,0.02484472351627842,-0.006348136180632605,-0.010574234243465486,-0.007600932652252728,Healthy-pavement
grieta424.jpg,0.026878907728553773,-0.005528504452764516,-0.00944250170239404,-0.005562244033325615,Healthy-pavement
grieta425.jpg,0.02195566448561202,-0.0007057902598314774,-0.013165868421946328,-0.015075989080249262,Healthy-pavement
grieta426.jpg,4.297423845826259,-0.08129694294450861,-0.220017157312278,-0.07608413328306282,Healthy-pavement
grieta427.jpg,4.29946025078616,-0.08012370603059459,-0.20160423300796887,0.019950773311391223,Healthy-pavement
grieta428.jpg,4.327531707581766,-0.06825985128557281,-0.1970922411104406,0.23298335934877773,Healthy-pavement
grieta429.jpg,4.300034926317304,-0.07211886429094122,-0.25885530735017914,0.19600693146910664,Healthy-pavement
grieta430.jpg,4.317410680210185,-0.09140155108679399,-0.24217986172125822,0.01751110100022249,Healthy-pavement
grieta431.jpg,4.298117085414388,-0.20454064872158773,-0.08083828101732812,0.06761779190606373,Healthy-pavement
grieta432.jpg,4.311845451749301,-0.2080785156549082,-0.08752639896696382,-0.09649250185429603,Healthy-pavement
grieta433.jpg,4.320207928519743,-0.2219335766712803,-0.1117479966642278,-0.06442055778065289,Healthy-pavement
grieta434.jpg,4.286147991723201,-0.20332477010832048,-0.053797658701642125,-0.09616354951567058,Healthy-pavement
grieta435.jpg,4.3337487821947445,-0.19880307875617967,-0.10274035969918632,0.08960673727139284,Healthy-pavement
grieta436.jpg,5.325891196980005,-0.15827588603328493,-0.23422637999265122,0.006472602464467431,Healthy-pavement
grieta437.jpg,5.331572762184685,-0.13142497448089963,-0.1995085540351047,0.32034539774351545,Healthy-pavement
grieta438.jpg,5.369727400360422,-0.14068363572935438,-0.23328760412548827,0.30445546959613123,Healthy-pavement
grieta439.jpg,5.3876051439631,-0.16387416021696863,-0.2630077955308802,0.2995269822956571,Healthy-pavement
grieta440.jpg,5.35407044764817,-0.13439805448949377,-0.21008143569216317,0.2473903203622166,Healthy-pavement
grieta441.jpg,5.319342534693549,-0.17480411473235713,-0.38611422132799444,0.25267722513840785,Healthy-pavement
grieta442.jpg,5.327673519098775,-0.20265962592203976,-0.40710407124032794,0.21363309350708493,Healthy-pavement
grieta443.jpg,5.331323905477035,-0.19899708462974297,-0.40998134880613935,0.08479883074443129,Healthy-pavement
grieta444.jpg,5.324326960161159,-0.18509726993071968,-0.3945962070547505,0.13097444068240438,Healthy-pavement
grieta445.jpg,5.3425940818812165,-0.16686771367356695,-0.40609892955931676,0.34380132557734316,Healthy-pavement
grieta446.jpg,5.1295882124552685,-0.2284118403999279,0.08495512745353014,0.18197148412915287,Healthy-pavement
grieta447.jpg,5.117351844329993,-0.2203397720897082,0.08370647140818913,0.27923291821233964,Healthy-pavement
grieta448.jpg,5.1378665027169585,-0.20749829763380812,0.061779847323332956,0.19018080989169456,Healthy-pavement
grieta449.jpg,5.1259648327738585,-0.2714852561136483,0.08033669508711708,-0.030080425589997017,Healthy-pavement
grieta450.jpg,5.126632702526919,-0.23451519235941062,0.09120535656393963,0.10976518655753686,Healthy-pavement
grieta451.jpg,0.005815495243921232,-0.0003116027170146663,-0.0011568250096458729,-0.0012442815534702046,Healthy-pavement
grieta452.jpg,0.005854899535844069,-0.0005291854147698108,-0.0006851055001710425,-0.000866657291880311,Healthy-pavement
grieta453.jpg,0.005145140878226659,2.4696432686653348e-05,-0.002652104688622054,-0.0031115603732661066,Healthy-pavement
grieta454.jpg,0.005835133200361634,-0.00032165836095608593,-0.0002843074912561486,-0.0008544690792931719,Healthy-pavement
grieta455.jpg,0.00585222465089463,-0.0005019691160391611,-0.0003393078929118655,-0.0011247360912357359,Healthy-pavement
grieta456.jpg,0.011812087466383205,-0.007816581012354124,-0.004124840425608539,-0.00036686600094728477,Healthy-pavement
grieta457.jpg,0.011309381231344024,-0.0068923704291801915,-0.0031524299752711945,0.00024545513037443727,Healthy-pavement
grieta458.jpg,0.011318775475295827,-0.006620609870435464,-0.003621272495820253,0.001998006523061733,Healthy-pavement
grieta459.jpg,0.011297222423136912,-0.006823542981047609,-0.0030464907349073925,0.0014397882101721312,Healthy-pavement
grieta460.jpg,0.01231162649172891,-0.005477315344065247,-0.00533274162156114,0.0012061698914899524,Healthy-pavement
grieta461.jpg,0.0,0.0,0.0,0.0,Healthy-pavement
grieta462.jpg,0.0,0.0,0.0,0.0,Healthy-pavement
grieta463.jpg,0.0,0.0,0.0,0.0,Healthy-pavement
grieta464.jpg,0.0,0.0,0.0,0.0,Healthy-pavement
grieta465.jpg,0.00305056775791784,-0.000773402279100355,0.0053267545369435195,-0.0007971409659468656,Healthy-pavement
grieta466.jpg,0.002135086533720984,-0.00018121848032326938,-0.0007528862311644837,-0.0005678258916473975,Healthy-pavement
grieta467.jpg,0.002197848755367602,-9.642635776822474e-05,-0.0001923271195660392,0.0013553186179388042,Healthy-pavement
grieta468.jpg,0.0025072953386644035,-0.00011717183351453248,-0.0024765694289735803,-0.0012531476462626354,Healthy-pavement
grieta469.jpg,0.0021754640483369124,-0.00013419206481054207,-0.00042557252452054997,0.0002876811792220993,Healthy-pavement
grieta470.jpg,0.0021455724072869343,-0.00019161705738971168,-0.00046533441690495443,-0.00018277200863231775,Healthy-pavement
grieta471.jpg,0.010443554395405901,0.009804285418276456,-0.0019780741902857353,-0.00264232674611389,Healthy-pavement
grieta472.jpg,0.012946342849935254,0.007087571470402659,-0.00335028390460756,-0.0018814392799960662,Healthy-pavement
grieta473.jpg,0.010220300374348804,0.010247506342519388,-0.0017452270228443313,0.0003778949036143513,Healthy-pavement
grieta474.jpg,0.0101659025757256,0.009992324717985949,-0.0014798306665834771,-0.00122235906028461,Healthy-pavement
grieta475.jpg,0.010254569661748076,0.010294596821586323,-0.002528830521662083,0.0012377369477197821,Healthy-pavement
grieta476.jpg,18.076694542807683,-0.2049181665948505,-0.6970429990253466,0.07149139089075662,Healthy-pavement
grieta477.jpg,18.098564966979627,-0.20002590898296413,-0.6535772861149273,0.21255307446359673,Healthy-pavement
grieta478.jpg,18.14903864786223,-0.17447062996212176,-0.6792359452334114,0.4768726653784041,Healthy-pavement
grieta479.jpg,18.158745644033303,-0.18176336018635225,-0.7041318964785427,0.37147498054436867,Healthy-pavement
grieta480.jpg,18.115928330442557,-0.18601940828217609,-0.724871473300483,0.10149943634937164,Healthy-pavement
grieta481.jpg,18.725606696164455,0.15493345590544472,-0.4314336825925139,0.1565751184661862,Healthy-pavement
grieta482.jpg,18.70800530598133,0.15860208258742406,-0.4451340151254162,0.07833766041962542,Healthy-pavement
grieta483.jpg,18.751431748495605,0.14958231851945603,-0.41256274432526785,0.029155461203121513,Healthy-pavement
grieta484.jpg,18.711080195645966,0.16953036757869022,-0.40807400772526103,0.17395765326825474,Healthy-pavement
grieta485.jpg,18.72969188640819,0.1721244359439267,-0.4491633386343967,0.07284734083835065,Healthy-pavement
grieta486.jpg,19.06152855627407,0.12846028912104035,-0.2686960882544668,0.07684084712035133,Healthy-pavement
grieta487.jpg,19.027426092513785,0.18480644470369334,-0.24631348035933337,0.07643451814470392,Healthy-pavement
grieta488.jpg,19.04609637536197,0.14129710363021258,-0.20837220287062586,-0.06757333210262728,Healthy-pavement
grieta489.jpg,19.03262759716776,0.18124111251536917,-0.1905719614176869,0.5197422738529042,Healthy-pavement
grieta490.jpg,19.017006898422853,0.14656257822765714,-0.23415450730140658,0.4159795061439595,Healthy-pavement
grieta491.jpg,16.423405508520176,-0.5067921228834306,-0.457777534463361,-0.4239223545699151,Healthy-pavement
grieta492.jpg,16.446400124521595,-0.5006303617815226,-0.4521448837645182,-0.21799430531803965,Healthy-pavement
grieta493.jpg,16.40747650993276,-0.5123577205141048,-0.4374368976956108,-0.3258397595472955,Healthy-pavement
grieta494.jpg,16.413092170983695,-0.4901962641508373,-0.457687480142915,-0.15218844641771734,Healthy-pavement
grieta495.jpg,16.378641548301104,-0.511727275654948,-0.450823914792466,-0.27795486474702,Healthy-pavement
grieta496.jpg,17.37322165348012,0.04142002985250589,-0.26968408363197566,-0.008666986612839378,Healthy-pavement
grieta497.jpg,17.446689786380276,0.049027188793963554,-0.23327693356257334,0.20182252509925647,Healthy-pavement
grieta498.jpg,17.386220116393986,0.04450889214667165,-0.3420887795119623,0.2576527683475648,Healthy-pavement
grieta499.jpg,17.364287728682008,0.01608798292376691,-0.2988001949217107,-0.04871675975752188,Healthy-pavement
grieta500.jpg,17.37392166911378,0.01931159718441687,-0.2428540257438876,-0.4157725719979033,Healthy-pavement
grieta501.jpg,5.111018280752954,-0.21697143062105928,0.24939119405830412,0.06876492860978473,G-alligator
grieta502.jpg,5.1258693603301,-0.24297803606440496,0.28279253179079755,-0.13740903670240096,G-alligator
grieta503.jpg,5.108851503307806,-0.15436594673010565,0.3271178419528102,-0.1501253433075364,G-alligator
grieta504.jpg,5.123155890390766,-0.22531656665120103,0.2704546391877686,-0.07724921032099115,G-alligator
grieta505.jpg,5.1036060540894175,-0.1907986531949338,0.3111235206097737,0.018715989198679617,G-alligator
grieta506.jpg,5.136095684154474,-0.20713713073754964,0.30234339520391984,0.07524205099302306,G-alligator
grieta507.jpg,5.095378032952398,-0.1929243442108418,0.2547133667213155,0.17844139135205933,G-alligator
grieta508.jpg,5.143346546411777,-0.22098565699526107,0.3151948206334115,0.0630973163419768,G-alligator
grieta509.jpg,5.1009462106556835,-0.2201166026615734,0.2911022817410936,-0.10120760509460641,G-alligator
grieta510.jpg,5.158392050585994,-0.216248058036143,0.3270413811817379,0.1017683984790696,G-alligator
grieta511.jpg,8.4433836666066,-1.0291779180681595,-0.5823463096706183,-1.0529412133087084,G-alligator
grieta512.jpg,8.449342576979491,-1.0039157797583442,-0.7229285131112323,-1.3390480867127794,G-alligator
grieta513.jpg,8.422805286161283,-1.0185142508002345,-0.49115926561890333,-1.2359377748942748,G-alligator
grieta514.jpg,8.439358857867283,-1.026922009510368,-0.625870346599631,-1.2209187373915915,G-alligator
grieta515.jpg,8.386095972762874,-0.9852887377589474,-0.5563083423990582,-0.9693642693073855,G-alligator
grieta516.jpg,8.453290647549252,-1.0160902435396761,-0.6367807461910309,-1.1160499614391284,G-alligator
grieta517.jpg,8.416508458361518,-1.0057719979731676,-0.5335633932190548,-1.247465759173327,G-alligator
grieta518.jpg,8.381349276770461,-0.9587610348298709,-0.7159299840171524,-1.0018540158357236,G-alligator
grieta519.jpg,8.42493744891458,-0.9908059986562695,-0.4801068988225557,-1.0671753454441795,G-alligator
grieta520.jpg,8.424252880425737,-0.9616277140955062,-0.6283903137224631,-0.9912466181120719,G-alligator
grieta521.jpg,9.832083432908265,2.171919909553105,-0.02569027340453514,-0.7167261633170802,G-alligator
grieta522.jpg,9.818842240364502,2.1567774384877887,-0.03234889641805547,-0.9823748924681976,G-alligator
grieta523.jpg,9.798179572538071,2.1450740048957124,-0.08078362041407222,-1.0569422050513606,G-alligator
grieta524.jpg,9.74984556165557,2.1151374345845935,-0.09721752138565884,-1.190271484929187,G-alligator
grieta525.jpg,9.82449265864854,2.1826193383593457,-0.014136519989818519,-0.986962678271247,G-alligator
grieta526.jpg,9.804557186569305,2.1605377364089575,0.03410030217064067,-1.1326416349667041,G-alligator
grieta527.jpg,9.75571495083261,2.1592220227168264,-0.014669593489305882,-1.118685705276828,G-alligator
grieta528.jpg,9.841028622588237,2.156013739668187,0.06735109316188731,-0.9508411833529667,G-alligator
grieta529.jpg,9.888976599058335,2.172686135553816,0.000925275612328455,-0.6585003052334489,G-alligator
grieta530.jpg,9.852546720323948,2.241436727412806,-0.08890132626652075,-0.11569936548926829,G-alligator
grieta531.jpg,9.098815936319866,-0.9528703112459668,1.125298996559625,-0.48786739848986016,G-alligator
grieta532.jpg,9.119461689561337,-0.9596374834628607,1.188552473906531,-0.40145759439289974,G-alligator
grieta533.jpg,9.145279642285868,-0.9680649895918987,1.2166734072174972,-0.43203782852452083,G-alligator
grieta534.jpg,9.05857700189067,-0.9224995095216485,1.1832730497510948,-0.41693151953015783,G-alligator
grieta535.jpg,9.06963495653019,-0.9590432163212876,1.2549138118996517,-0.5262008259338464,G-alligator
grieta536.jpg,9.170714741405202,-1.004166220069049,1.211900353969599,-0.5962237577464027,G-alligator
grieta537.jpg,9.107920070127923,-0.9384805417508667,1.194944676128931,-0.5025099356798444,G-alligator
grieta538.jpg,9.119232717172627,-0.9898824964699261,1.1754919523058682,-0.47196090031504073,G-alligator
grieta539.jpg,9.105814962544846,-0.9590222622082215,1.2307830110631752,-0.47453100926558434,G-alligator
grieta540.jpg,9.09923970956306,-0.9578583561078016,1.228529604478821,-0.42908147607601416,G-alligator
grieta541.jpg,7.518958223229559,0.0579590434444435,1.5076772297382912,0.1811464522035583,G-alligator
grieta542.jpg,7.48907080211854,0.06736126601852763,1.5308808039375401,0.015948913368196538,G-alligator
grieta543.jpg,7.496257732692239,0.010439310963747055,1.521458333379213,-0.20025989752371054,G-alligator
grieta544.jpg,7.529150565955399,0.02698166237876181,1.549609357241062,-0.19870372344058762,G-alligator
grieta545.jpg,7.470476046307703,0.07615839505799386,1.4761069588460978,-0.111255633071425,G-alligator
grieta546.jpg,7.489503527921113,0.045861455983538676,1.565289523919331,-0.2484438296004121,G-alligator
grieta547.jpg,7.52796748783191,0.027706464580670304,1.5606537238323432,-0.16043953589421645,G-alligator
grieta548.jpg,7.463474419139998,0.05225424734541656,1.595692737590641,-0.10190908401678594,G-alligator
grieta549.jpg,7.493366662472228,0.045815262878446145,1.5246420095276274,0.03876708803690687,G-alligator
grieta550.jpg,7.5392831422491895,0.06703341204069424,1.8155756012132571,0.6104529391781229,G-alligator
grieta551.jpg,5.155367279461502,-0.26606499726053917,-0.13338752559599565,-0.04477153589524879,G-alligator
grieta552.jpg,5.176851589972715,-0.18543268621525133,-0.37254991413889554,0.40864305870944206,G-alligator
grieta553.jpg,5.162853194919643,-0.05309258262040842,-0.064482732236242,0.09420428604136383,G-alligator
grieta554.jpg,5.186634423426808,0.1994848167392694,0.2101140319954253,-0.04287845962540243,G-alligator
grieta555.jpg,5.1855242891810756,-0.002453996253952699,0.4732221223219526,0.264752126672314,G-alligator
grieta556.jpg,5.172892767231475,0.07356198700656671,-0.08555797993685235,-0.051629950500098165,G-alligator
grieta557.jpg,5.112729769865671,0.5709842282865812,-0.26135434657519474,-0.0075715466379686625,G-alligator
grieta558.jpg,5.160690885166577,0.4297514691415308,-0.01693834364555118,0.6453096176970285,G-alligator
grieta559.jpg,5.207545454464276,-0.14229514010539188,0.014497163324300347,0.25799256636998913,G-alligator
grieta560.jpg,5.158392050585994,-0.216248058036143,0.3270413811817379,0.1017683984790696,G-alligator
grieta561.jpg,8.45883963527896,-0.41498662621405163,0.063819229872418,0.6511126205321409,G-alligator
grieta562.jpg,8.555232719087844,0.14579611828175318,0.6039225764970246,-0.2969363876223102,G-alligator
grieta563.jpg,8.488110421501256,0.4087191015232158,0.3032576313098747,0.37214348611749903,G-alligator
grieta564.jpg,8.602758804195712,0.8414842469892744,0.32252125028079753,-0.2497265157772579,G-alligator
grieta565.jpg,8.435712837008907,0.5998922086013745,-0.3831516515277225,0.49185214675031114,G-alligator
grieta566.jpg,8.565218316794576,0.5897729738086431,-0.42170979122801155,0.22129524638927656,G-alligator
grieta567.jpg,8.518571648421524,0.23319319263252697,-0.4053412043591403,0.46199172202279004,G-alligator
grieta568.jpg,8.504995938790525,-0.28971184591159344,-0.6877954954172772,0.21187896800516182,G-alligator
grieta569.jpg,8.52143538327222,-0.8238799779897994,-0.36219530018902174,0.7109911603135037,G-alligator
grieta570.jpg,8.424252880425737,-0.9616277140955062,-0.6283903137224631,-0.9912466181120719,G-alligator
grieta571.jpg,9.90262336202894,1.1436961800840126,-0.4576242479400886,1.9210049105462885,G-alligator
grieta572.jpg,9.881063567201943,0.5012158253779235,-0.9242266583603971,1.0165128787053896,G-alligator
grieta573.jpg,9.693815524575724,-0.21001265356223314,-1.0149603620246257,0.998199629067864,G-alligator
grieta574.jpg,9.764523876477691,-0.7438098228564176,-0.7088199678447736,0.8421660099008342,G-alligator
grieta575.jpg,9.792512270841952,-1.2798141538368275,-0.5820315191150733,1.3684700076084082,G-alligator
grieta576.jpg,9.721814655480223,-0.9190994309265085,-0.023407072586120264,0.11763307676153001,G-alligator
grieta577.jpg,9.764748307174887,-0.18024572169763128,0.45709020287260504,0.7663311675023972,G-alligator
grieta578.jpg,9.740066731373373,0.33643049813940196,0.48949232323558883,0.20585021158984285,G-alligator
grieta579.jpg,9.752689787561442,1.061000768297284,0.49887854989892344,1.2822171242217424,G-alligator
grieta580.jpg,9.852546720323948,2.241436727412806,-0.08890132626652075,-0.11569936548926829,G-alligator
grieta581.jpg,9.242323305846359,-0.4109997686617944,0.49687954404076506,0.13032737438798386,G-alligator
grieta582.jpg,9.193563395775099,0.3562538183885621,0.33751418465706273,-0.07822255909703185,G-alligator
grieta583.jpg,9.142687569836603,0.6655097079842773,0.2742555338648905,0.22865600561462368,G-alligator
grieta584.jpg,9.240506358667965,0.6238226339293229,0.5501500576845196,0.13794545564822763,G-alligator
grieta585.jpg,9.24097413995397,0.31562007901413436,0.5377369016577191,0.37529083127761304,G-alligator
grieta586.jpg,9.216026844096593,0.33757585433507653,-0.13254142934569352,-0.059771394182599746,G-alligator
grieta587.jpg,9.220103692245774,-0.009272646710383962,-0.5274375997582458,0.470975975186315,G-alligator
grieta588.jpg,9.154981551117977,-0.546204669318988,-0.5387722453275754,0.486659405185235,G-alligator
grieta589.jpg,9.181678942797683,-0.9744721400853957,0.2888834492539625,0.30786367663397585,G-alligator
grieta590.jpg,9.09923970956306,-0.9578583561078016,1.228529604478821,-0.42908147607601416,G-alligator
grieta591.jpg,7.606712753601797,0.3667018396944576,0.86448229284422,0.7083102492324389,G-alligator
grieta592.jpg,7.587290699573011,0.5685388285615295,0.45851537295543465,0.8468500047705022,G-alligator
grieta593.jpg,7.544308781946389,0.5720423028213691,0.06480067254800442,1.0591341655549278,G-alligator
grieta594.jpg,7.592413876248919,0.2562839794720847,0.13902789596823417,0.8928590586359109,G-alligator
grieta595.jpg,7.583807557396358,-0.3744521335933524,0.4344501720002795,1.040017995806612,G-alligator
grieta596.jpg,7.590154681299112,-0.433482839055389,0.11630581760143029,0.4898073646109402,G-alligator
grieta597.jpg,7.5727787683530545,-0.477610742491952,0.21931909285901,0.811666831148137,G-alligator
grieta598.jpg,7.5681275931501695,-0.3375421993802188,0.39720989640472776,0.7035505435599048,G-alligator
grieta599.jpg,7.60085200744063,-0.006929459611217964,0.7995911679414026,1.030018674652692,G-alligator
grieta600.jpg,7.5392831422491895,0.06703341204069424,1.8155756012132571,0.6104529391781229,G-alligator
