name,MDS component 1,MDS component 2,MDS component 3,MDS component 4,Class
grieta1.jpg,0.001079625122612337,0.6073375607555475,0.8078062074933129,2.193102020850454,G-Transverse
grieta2.jpg,-0.10565883143785969,0.554570950034139,0.745022693430734,2.2251290226194715,G-Transverse
grieta3.jpg,-0.16737373960896648,0.701389972911379,0.7367471660098961,2.1747742104719165,G-Transverse
grieta4.jpg,-0.18084475933902153,0.5816812602256399,0.7763424825903485,2.190844461927233,G-Transverse
grieta5.jpg,0.029600445177268356,0.6471323562851844,0.8693033063807997,2.124144348685225,G-Transverse
grieta6.jpg,0.030704216893570904,0.7881173152425628,0.880646297360836,2.0595517547350597,G-Transverse
grieta7.jpg,0.09214010756359751,0.5771526104949953,1.167950849285953,2.008991146557845,G-Transverse
grieta8.jpg,-0.0092172352734593,0.6408478184308968,1.312222042934588,1.8985634367139783,G-Transverse
grieta9.jpg,0.08435275596943008,0.6775596176222132,1.2526444390013194,1.9137292081381605,G-Transverse
grieta10.jpg,0.15271787205783455,0.7174735140975418,1.1608029339013355,1.9403572706006773,G-Transverse
grieta11.jpg,0.12277469925741744,0.6692837953781499,1.0978593335482436,2.0098066655327096,G-Transverse
grieta12.jpg,0.07107759387029038,0.5539534393440767,1.0621337242201603,2.0425470934684387,G-Transverse
grieta13.jpg,-0.2340431814863837,0.35033372807497903,1.2010053603182886,2.0193316307513465,G-Transverse
grieta14.jpg,-0.48448682192819315,0.5353789168362761,1.2217589486220732,1.893099737140855,G-Transverse
grieta15.jpg,-0.4391915655654647,0.5120808862576712,1.28673408306498,1.8702349403719598,G-Transverse
grieta16.jpg,-0.45027358313427585,0.6426486620752949,1.3179392392061655,1.8349433934914947,G-Transverse
grieta17.jpg,-0.31485514451026636,0.5037156759573346,1.3379777559770818,1.8673507826690503,G-Transverse
grieta18.jpg,-0.24743077914317146,0.485322340501481,1.3568284197127667,1.8810526634896907,G-Transverse
grieta19.jpg,-0.3080783108309235,0.5538180910315682,1.32190718369925,1.9277968560343173,G-Transverse
grieta20.jpg,-0.29419882937538,0.4490637108394636,1.264257953313357,1.9702019955070504,G-Transverse
grieta21.jpg,-0.4093063581962265,0.4042135085269747,1.2071701449711427,2.038389822378276,G-Transverse
grieta22.jpg,-0.5808666081932469,0.4606019343949347,1.0520320670169159,2.0584064620681115,G-Transverse
grieta23.jpg,-0.4195823850646883,0.38785984436871124,1.0692154407169083,2.116024214928581,G-Transverse
grieta24.jpg,-0.41705944553446217,0.37019826321460214,1.0020980419456447,2.1456440201204376,G-Transverse
grieta25.jpg,-0.36174577714610295,0.34982460444220587,0.9723974546566703,2.1541026734447435,G-Transverse
grieta26.jpg,-0.3942683894458373,0.3999948601614673,0.8702860107813367,2.165924377586386,G-Transverse
grieta27.jpg,-0.3815289250551721,0.5464924136058904,0.8074810201769748,2.1577927136307316,G-Transverse
grieta28.jpg,-0.32885625481037734,0.9860401347260593,1.054578797382888,1.827188574998861,G-Transverse
grieta29.jpg,-0.2645893230843249,1.0490305871004513,0.9592157573610314,1.895174031433799,G-Transverse
grieta30.jpg,-0.1446828342125754,0.9699089537054477,0.8280232094296226,1.9992977524448654,G-Transverse
grieta31.jpg,-0.026715924439389343,0.8591399271244784,0.7851546818144282,2.0864226447501992,G-Transverse
grieta32.jpg,-0.019307273089308102,0.6626924334562482,0.8107447879541265,2.18350360515478,G-Transverse
grieta33.jpg,-0.3432596004331425,0.01397972951355655,1.320543036832246,1.04016923250412,G-Transverse
grieta34.jpg,-0.1661076508050698,0.07082385914044058,1.2394096556026872,1.1238976374245164,G-Transverse
grieta35.jpg,-0.2222718666736114,0.13486123908863273,1.2739186912120182,1.0371137845402678,G-Transverse
grieta36.jpg,-0.3457544645142963,-0.358675228537552,0.8465882714435647,1.4441628252433545,G-Transverse
grieta37.jpg,0.07422273922323155,-0.12758779672055673,1.2524250259502328,1.1611798887331108,G-Transverse
grieta38.jpg,-0.6736212151865901,-0.21012190291850064,0.6685211605190702,1.4185455772013853,G-Transverse
grieta39.jpg,-0.5922613381118822,-0.21472521466328934,0.7844413358385296,1.387216050696327,G-Transverse
grieta40.jpg,-0.6679513142856579,-0.18310138189913489,0.6004193643503737,1.4502874483698889,G-Transverse
grieta41.jpg,-0.7642132343651106,-0.03443161369807968,0.7635405980110156,1.2575153567945545,G-Transverse
grieta42.jpg,-0.7862394773187592,0.036151859664319094,0.8534727251560243,1.187271751410053,G-Transverse
grieta43.jpg,-0.7062994319671551,0.15851819744756654,1.0216844917231838,1.0958449170733606,G-Transverse
grieta44.jpg,-0.5964655401159156,0.0539449530041027,1.1669224164397354,0.9737673944238233,G-Transverse
grieta45.jpg,-0.15491663886694662,-0.28205600591827185,0.97202685106119,1.3972792292904934,G-Transverse
grieta46.jpg,-0.34037699563215096,-0.2841637566190505,1.0260264638278098,1.3221559751657572,G-Transverse
grieta47.jpg,-0.07963183721241758,0.2665520210457482,-0.051529255008810164,1.6698327547022092,G-Transverse
grieta48.jpg,-0.33145555484944106,0.07337308427916882,0.052561987608350576,1.703061704251067,G-Transverse
grieta49.jpg,-0.3882151409151541,-0.010756892123403552,0.12684463897198195,1.7118039713116688,G-Transverse
grieta50.jpg,-0.21569120616171547,0.10281274137621713,0.035709816561904785,1.7270122905050727,G-Transverse
grieta51.jpg,-0.6178051748764273,0.021166467521724904,0.2367272417966501,1.6025374790711113,G-Transverse
grieta52.jpg,-0.23025437809260965,-0.08470082731399174,0.22736605886547542,1.6868630216050864,G-Transverse
grieta53.jpg,0.12320595497044404,0.22223734549228824,0.16687451338830453,1.6639836093136287,G-Transverse
grieta54.jpg,0.36767151294776845,0.3633549020158549,1.0516248953148701,1.098510717732191,G-Transverse
grieta55.jpg,0.514139938286651,0.3405203982089355,0.7438783307737649,1.328134835532465,G-Transverse
grieta56.jpg,0.4569724757171056,0.3347132898861274,0.9450881970900393,1.1780028907982514,G-Transverse
grieta57.jpg,0.46795939273524095,0.27619622582399955,0.4920255393719415,1.4992006307426509,G-Transverse
grieta58.jpg,0.3493923527474691,0.004514321727011653,0.4607560109561977,1.5653938396002947,G-Transverse
grieta59.jpg,0.14360347679037805,-0.15394852853257457,0.4810665884456222,1.596188651057717,G-Transverse
grieta60.jpg,-0.12968316588248413,-0.27719801311223397,0.5522663131348666,1.5827331941908303,G-Transverse
grieta61.jpg,-0.2170211887408334,-0.19086074685935048,0.4840978842338722,1.596381587799241,G-Transverse
grieta62.jpg,-0.6410113831049726,0.012646149769422646,0.36910580270274773,1.419813549543867,G-Transverse
grieta63.jpg,-0.04312328755498041,-0.3886432128078528,0.8290286884624914,1.3699988242179275,G-Transverse
grieta64.jpg,-0.5004615259186741,-0.2575908910338246,1.3385183242119647,0.8698046011669528,G-Transverse
grieta65.jpg,-0.033589253291551255,0.5876887878776952,1.4785677409690443,1.8666364809921152,G-Transverse
grieta66.jpg,0.18626585088271613,0.5724795251709628,1.4418832501846055,1.8585734525797466,G-Transverse
grieta67.jpg,0.15072181780580704,0.7197699305450477,1.420807115523082,1.8537734529493288,G-Transverse
grieta68.jpg,0.2648724342340046,0.6012862571146836,1.3731235693955706,1.9015862554467735,G-Transverse
grieta69.jpg,0.24927424936695153,0.8437825192161018,1.1585419243425554,1.9578879236218785,G-Transverse
grieta70.jpg,0.3491120824185753,0.8238047888125419,1.2755974700375723,1.8339549087491338,G-Transverse
grieta71.jpg,-0.6161835927306859,0.3543675581255978,1.2603595832912247,1.9742193865219222,G-Transverse
grieta72.jpg,-0.39148613572257795,0.2846838177267269,1.4624639655786236,1.8893024438138173,G-Transverse
grieta73.jpg,-0.5885525994570618,0.42808602844997723,1.3552416043898872,1.9183525331571765,G-Transverse
grieta74.jpg,-0.6438710455247065,1.032694009417741,1.1444608183888503,1.6877333442475875,G-Transverse
grieta75.jpg,-0.6722217465132817,0.8140143500966143,1.3012475913588413,1.7772545166089475,G-Transverse
grieta76.jpg,-0.40792220770744025,0.20554365900883848,1.4554366888785482,1.8954069883460913,G-Transverse
grieta77.jpg,-0.35504944169369046,0.45945728589300844,1.5858894484175512,1.7268304271969734,G-Transverse
grieta78.jpg,-0.6545763838825395,0.49670741417538006,1.4823104453186322,1.7283480471636405,G-Transverse
grieta79.jpg,-0.7852196793118933,0.7780480184414181,1.179663445144184,1.8634395433373305,G-Transverse
grieta80.jpg,-0.7446111957569422,0.4877134485479216,1.23285727773929,1.9716120530112602,G-Transverse
grieta81.jpg,-0.6834918093482995,0.3890479714685348,1.0173759138770058,2.131411464992987,G-Transverse
grieta82.jpg,-0.5607289293126596,0.22249488834330267,1.137554275948096,2.1172387762705625,G-Transverse
grieta83.jpg,-0.5670000064615998,0.26341428897300745,0.9660372453061007,2.198253065800757,G-Transverse
grieta84.jpg,-0.5592122238437185,0.2794844617568587,0.7980861816379264,2.23268124035089,G-Transverse
grieta85.jpg,-0.7192152374624583,0.4988755147706516,0.9183018052133877,2.0990789933094742,G-Transverse
grieta86.jpg,-0.34134496445599544,1.2641585512545,1.1364370319546595,1.6786232380739017,G-Transverse
grieta87.jpg,-0.2952747530859315,1.1481183473339458,0.7491550067481385,1.9745284722090306,G-Transverse
grieta88.jpg,-0.30671822725233455,1.249883962467258,0.8509155797356596,1.8493384461204665,G-Transverse
grieta89.jpg,-0.1354100723568413,1.0786459922498217,0.7205697821151243,2.0655541091057334,G-Transverse
grieta90.jpg,0.20074007689084006,0.8324404621574178,0.6883097791916959,2.1612333625280726,G-Transverse
grieta91.jpg,-0.12978345309834646,0.3132740359212399,0.8243966370996744,2.315370411419332,G-Transverse
grieta92.jpg,-0.13044553945902737,0.37239288655211483,0.6724403462275962,2.329246172261161,G-Transverse
grieta93.jpg,-0.15868661786428004,0.6772530234241451,0.5971348856426056,2.2920777897123545,G-Transverse
grieta94.jpg,-0.47292888351160745,1.06897515783656,0.5454776853437343,2.021744266289814,G-Transverse
grieta95.jpg,-0.3689075352333752,0.24082632154372904,0.4549271751635821,2.14642498052091,G-Transverse
grieta96.jpg,0.1690992613384352,0.6813092422270576,0.39852942645899325,2.05090046118743,G-Transverse
grieta97.jpg,0.3635996822329203,0.694316115516794,0.9280001321265517,2.1591469362624904,G-Transverse
grieta98.jpg,-0.17037176538367485,0.3869706965693799,1.657623662693221,1.803273834233617,G-Transverse
grieta99.jpg,0.024708659527313232,0.4934019912924997,1.6215321285176283,1.8025222744722458,G-Transverse
grieta100.jpg,0.38501779654406726,0.7581523765503521,1.2503975687051518,1.968569089316386,G-Transverse
grieta101.jpg,0.34364016334601183,0.9653673043934022,1.2247643710454794,1.8766014249151837,G-Transverse
grieta102.jpg,0.3252266236060611,0.759906863555416,0.9719805198668777,2.1248217380996417,G-Transverse
grieta103.jpg,-0.2375504851053485,0.12511155396255888,0.9297931116229659,2.2994606518440226,G-Transverse
grieta104.jpg,-0.27670402183514636,1.2297453887781924,1.2515547716426543,1.6945794990572294,G-Transverse
grieta105.jpg,-0.7201370564677784,1.0827919859864714,0.9701988590280358,1.8390105964205181,G-Transverse
grieta106.jpg,-0.6921305972229207,0.33733328383144345,1.4536651384084516,1.8683186348301544,G-Transverse
grieta107.jpg,-0.467713705818223,1.1374570181882644,1.309425137028992,1.6681029001721759,G-Transverse
grieta108.jpg,-0.019699406982761403,0.3148904659678392,1.6099378586241484,1.829970050083584,G-Transverse
grieta109.jpg,-0.4889855575942545,-0.0035526862913889093,1.4000115739697823,1.968647233369711,G-Transverse
grieta110.jpg,-0.5584517165641467,0.9262730275489292,1.6013183884436297,1.4478242651462945,G-Transverse
grieta111.jpg,-0.42314061263565156,0.4997567809604624,1.40561593785868,2.058436401764698,G-Transverse
grieta112.jpg,-1.1421526864560694,0.6466382751252178,0.9973759515485353,1.817823068073271,G-Transverse
grieta113.jpg,-0.9353063102516515,0.48299225789990435,1.2218979452434497,1.8978164147587444,G-Transverse
grieta114.jpg,-0.7162116553821856,0.17729831581332525,0.8701539292739076,2.205928409109757,G-Transverse
grieta115.jpg,-0.5037750875480733,0.13321091929121542,1.1395639548654906,2.1737982307674333,G-Transverse
grieta116.jpg,0.19196227034741997,0.5214131127467938,0.7312197473212572,2.3284836696973406,G-Transverse
grieta117.jpg,-0.3451592614574917,0.3983222508204681,0.557210585470002,2.3671728058690396,G-Transverse
grieta118.jpg,-0.40005846261622613,1.1542544138840252,0.6935288544236454,2.025983733056939,G-Transverse
grieta119.jpg,-0.384946643122241,1.3173175987383703,0.951886056630105,1.8341717722737092,G-Transverse
grieta120.jpg,-0.21460473852107287,1.2578423465042001,0.6893626909774937,1.9849340054457298,G-Transverse
grieta121.jpg,0.007096604146634226,1.074211346266471,0.6011659411138776,2.1224760339742037,G-Transverse
grieta122.jpg,0.15022383003643422,0.9470439851057196,0.5808837737169394,2.2039371815147857,G-Transverse
grieta123.jpg,0.2860269035511086,0.997378849126841,0.8760214761975079,2.0845957958159342,G-Transverse
grieta124.jpg,-0.017424299247639587,0.4555506692112301,0.6050897337256387,2.3836490565397277,G-Transverse
grieta125.jpg,0.034750557758280606,0.7493052222881919,0.5230573456899635,2.317589399926867,G-Transverse
grieta126.jpg,-0.3761135722513703,0.5097013639969841,0.6400568973444933,2.359867833485687,G-Transverse
grieta127.jpg,-0.4830941317390757,0.9753891503169745,0.5300920364117113,2.164996379945298,G-Transverse
grieta128.jpg,-0.099862884586996,1.0340274982997544,0.5340718470522124,2.1688636010997997,G-Transverse
grieta129.jpg,0.07279254138014485,1.1714782424889236,1.094772157142977,1.603451871247725,G-Transverse
grieta130.jpg,0.48369360868841976,0.6655417774724222,1.2500464908807398,1.7945229512247354,G-Transverse
grieta131.jpg,0.4746241829701774,0.7134894020138133,1.1055657608723357,1.8378603117429995,G-Transverse
grieta132.jpg,0.43815908728371106,0.5791330435012214,1.0201993523708761,1.9483652504205196,G-Transverse
grieta133.jpg,-0.12389006604294646,-0.02162911821816541,0.9090972336996531,2.126765891699094,G-Transverse
grieta134.jpg,-0.5898657278073832,0.10109497357314093,1.3339135877027821,1.8057241018202168,G-Transverse
grieta135.jpg,-0.6325064966954,0.08107151793740798,1.2122635061198355,1.8477326643477854,G-Transverse
grieta136.jpg,-0.5240425442452071,0.12627771312501515,1.4020016373263164,1.7983738304915744,G-Transverse
grieta137.jpg,-0.7027228333273521,0.4446041316015892,1.400430639074856,1.6331602213210854,G-Transverse
grieta138.jpg,-0.26802932800948326,-0.07215262736730314,1.2663812964725185,1.9325827236274105,G-Transverse
grieta139.jpg,-0.3475023221686585,0.05694778538931644,1.4661067614814056,1.7980825442027035,G-Transverse
grieta140.jpg,0.0979288554355587,0.2892018694173898,1.6054093744361706,1.6733375205045016,G-Transverse
grieta141.jpg,-0.48437468365593905,0.16839078745556693,1.5781846954750745,1.6990358487918795,G-Transverse
grieta142.jpg,-0.949967388080783,0.13703247490141185,1.0095066678540223,1.924860235836306,G-Transverse
grieta143.jpg,-0.04346175564618844,1.3818977047102852,0.8764030232476209,1.628876540255127,G-Transverse
grieta144.jpg,-0.2600471310612348,0.3828030165017793,0.41790543402037733,2.2594395930347364,G-Transverse
grieta145.jpg,-0.5324757733314994,0.02782849608846211,0.9518889724012523,2.089697607329669,G-Transverse
grieta146.jpg,-0.4760473482338654,0.0014156850972717433,0.7952748370463196,2.176530151602686,G-Transverse
grieta147.jpg,-0.2961521833977904,0.1636441643660849,0.5879505598407546,2.2555370847788567,G-Transverse
grieta148.jpg,-0.501124127629517,0.48278559604521865,0.453900599719719,2.1525860874424843,G-Transverse
grieta149.jpg,-0.21798915485817855,0.9629828864088715,0.3439500931656345,2.050328366030074,G-Transverse
grieta150.jpg,-0.09335574563178023,0.39409517902293567,1.6175079177594152,1.6163166369823665,G-Transverse
grieta151.jpg,0.14711364886400705,0.9880385585861005,0.47731278536503285,2.019942115070836,G-Transverse
grieta152.jpg,0.31678844967577513,0.7455118847173209,0.5626189915968495,2.09722184941502,G-Transverse
grieta153.jpg,0.1293237897605476,0.31959813371003193,0.6235208209906641,2.2286190869652662,G-Transverse
grieta154.jpg,0.12913047700274488,0.3558412240798234,0.49878803056690735,2.2750756007898576,G-Transverse
grieta155.jpg,0.1669035747996003,0.5286606036631923,0.49649594581342305,2.2192136838865455,G-Transverse
grieta156.jpg,0.018574173888512843,0.6880139771387499,0.4273831688084446,2.1993976632539756,G-Transverse
grieta157.jpg,-0.2509659489545047,0.3267729076090758,0.44103939120292496,2.2568348119175563,G-Transverse
grieta158.jpg,0.043507768468261813,1.070004164111805,0.461146773129213,1.9646035951202947,G-Transverse
grieta159.jpg,0.4511597085895836,0.5292075603132381,0.8691939372125155,2.0509804514821375,G-Transverse
grieta160.jpg,0.3895162612844012,0.4147645541385411,1.2843946024508188,1.8555803243682265,G-Transverse
grieta161.jpg,-0.23407696842593614,0.861511319348939,0.6041298497737753,2.0520491188480854,G-Transverse
grieta162.jpg,-0.11714337397344551,0.7940046969960199,0.609698769581291,2.0790621081775726,G-Transverse
grieta163.jpg,0.13986700017054873,0.7985978905876738,0.8144045446616319,1.9910057947618056,G-Transverse
grieta164.jpg,-0.06998710931552651,0.9456486311561721,1.1851187199686601,1.7018627934757873,G-Transverse
grieta165.jpg,0.12137863755734736,0.6628536838125886,1.3180568824239356,1.755778154212909,G-Transverse
grieta166.jpg,0.0777870560234913,0.8356478638987727,1.2362428300467656,1.737135017238787,G-Transverse
grieta167.jpg,0.19054228963927242,0.7940466137091087,1.1712839037978635,1.8113626363625228,G-Transverse
grieta168.jpg,0.172274243180537,0.8329135100785453,1.087177237594324,1.8489406248812938,G-Transverse
grieta169.jpg,0.209778444575985,0.7344240716464282,1.0043066789791424,1.9142393574151884,G-Transverse
grieta170.jpg,-0.5149247882233101,0.3928375357246029,1.1947493882992977,1.8305103091588626,G-Transverse
grieta171.jpg,-0.3973040507895236,0.49964572682988206,1.360954174883542,1.7391773747958035,G-Transverse
grieta172.jpg,-0.5205547347640165,0.673501114901591,1.2737118197957782,1.6941570206546959,G-Transverse
grieta173.jpg,-0.4861358543587244,0.5735616192828991,1.3720887745292498,1.6808197896627948,G-Transverse
grieta174.jpg,-0.4659625096816232,0.7294503164524859,1.311344832014097,1.6568970706891761,G-Transverse
grieta175.jpg,-0.5254820894090171,0.5513180460100904,1.3515299880377318,1.6619560624845195,G-Transverse
grieta176.jpg,-0.27396931413503267,0.45519891429186926,1.4367469441421752,1.7604767755428348,G-Transverse
grieta177.jpg,-0.5164870268208569,0.43602968969314404,1.3557875810961284,1.7670623723859598,G-Transverse
grieta178.jpg,-0.7130211532411894,0.6040320030484393,1.1158795086631996,1.8001958070976163,G-Transverse
grieta179.jpg,-0.7046149050910537,0.45999802908952087,1.0598878039200272,1.9427579276353855,G-Transverse
grieta180.jpg,-0.6438742686707235,0.3890783548353282,0.9570314435207583,2.015756488775563,G-Transverse
grieta181.jpg,-0.5612301629264825,0.29435165518286804,0.9625379458389728,2.0526963571490304,G-Transverse
grieta182.jpg,-0.4890764086200758,0.28251672965999586,0.9419027339298862,2.0888614049676595,G-Transverse
grieta183.jpg,-0.5066333014094679,0.3879865956925607,0.7878106054563193,2.113265814541649,G-Transverse
grieta184.jpg,-0.5761660935053724,0.5885874856191629,0.7432934518392861,2.032047105890724,G-Transverse
grieta185.jpg,-0.45393433777802655,1.0326262219993594,0.8847873891617624,1.7920676196412448,G-Transverse
grieta186.jpg,-0.3030027713264507,1.0873784478586668,0.8141776449021921,1.825341865064149,G-Transverse
grieta187.jpg,-0.20513628956329102,1.0912994349948537,0.8188022196163277,1.8424127716932508,G-Transverse
grieta188.jpg,-0.08528203806962803,0.9818774550430791,0.6967403052258386,1.9621587139753909,G-Transverse
grieta189.jpg,0.05227774019037914,0.8325775676704437,0.6413434337962975,2.0648902077807505,G-Transverse
grieta190.jpg,-0.027486066378800942,0.5568083936226543,0.676540806737577,2.180280024062315,G-Transverse
grieta191.jpg,-0.056322658507551776,0.6324264999143339,0.6248857585399465,2.1786401015109744,G-Transverse
grieta192.jpg,-0.1688199005987103,0.7246010852731216,0.596483823342936,2.1500071249641444,G-Transverse
grieta193.jpg,-0.16264211255550914,0.7625178319471883,0.9464071102177259,2.0280943119329757,G-Transverse
grieta194.jpg,-0.10479409154961164,0.6906233567555511,1.0733660803212604,1.9742496945765904,G-Transverse
grieta195.jpg,-0.12333730672785162,0.7438522403413307,1.1870294673747552,1.9342037052278869,G-Transverse
grieta196.jpg,-0.14681321215531412,0.8138634768508566,1.1737811257366306,1.9165494760948463,G-Transverse
grieta197.jpg,-0.11335696557134536,0.8450913363116683,1.1439760513671988,1.920674676148314,G-Transverse
grieta198.jpg,-0.05617053485663302,0.8382330758158442,1.115177599655072,1.9452513769718334,G-Transverse
grieta199.jpg,-0.04989641882674382,0.7749386608176559,1.0440263466746504,1.9501882713677148,G-Transverse
grieta200.jpg,-0.09168274926462261,0.7279161211181884,1.047541941029156,1.9793533022328962,G-Transverse
grieta201.jpg,-0.7137935910191464,0.8535896100975944,1.1076536283714762,1.8467703811659613,G-Longitudinal
grieta202.jpg,-0.6363501419838465,0.8204940693361839,1.3236336082777778,1.7415368778423401,G-Longitudinal
grieta203.jpg,-0.49748897985468976,0.9382311472429677,1.3172205998923157,1.733550982296226,G-Longitudinal
grieta204.jpg,-0.49631284520523206,0.915649257005157,1.3224119904098335,1.7196887580018962,G-Longitudinal
grieta205.jpg,-0.500667991955886,1.0623987455037103,1.132987591102321,1.7968423890589893,G-Longitudinal
grieta206.jpg,-0.512144997266416,1.1022629295114268,1.0375605255065792,1.847256228879835,G-Longitudinal
grieta207.jpg,-0.5215741008209227,1.0125914351547651,0.7675497505524159,2.030032256806788,G-Longitudinal
grieta208.jpg,-0.5756972662504535,0.9990903012236584,0.8013104594240444,2.0088478247131687,G-Longitudinal
grieta209.jpg,-0.6256850800669246,0.8620396711012158,0.7596276479437928,2.062275465147271,G-Longitudinal
grieta210.jpg,-0.27900521289995966,0.542898505754661,1.5114231009947932,1.8316395631401896,G-Longitudinal
grieta211.jpg,-0.34238378952130943,0.8840785705674372,1.3983242430247353,1.7622308265467088,G-Longitudinal
grieta212.jpg,-0.028574642275974543,1.1419009857370797,0.9531003137063782,1.9254527336003413,G-Longitudinal
grieta213.jpg,0.08218226055402886,1.0616064524605926,0.9578112265232468,1.98045597202283,G-Longitudinal
grieta214.jpg,-0.0005133355054577749,1.1325395114660706,1.0905303565344526,1.869976002038354,G-Longitudinal
grieta215.jpg,-0.02840868641727345,1.0896659936088777,1.2272634782546747,1.8092963259046,G-Longitudinal
grieta216.jpg,-0.06914638399143856,0.9913339060819408,1.3539464328160606,1.771918912617257,G-Longitudinal
grieta217.jpg,-0.12032403262794353,0.9289112531599873,1.4367361583625364,1.727520395857799,G-Longitudinal
grieta218.jpg,-0.11462324354087974,0.842458723194969,1.4749960225751557,1.7684014093706617,G-Longitudinal
grieta219.jpg,-0.026412293079191403,0.7596013535632605,1.4380772089987397,1.8701736716557253,G-Longitudinal
grieta220.jpg,0.033529533273737165,0.47884741924246843,1.3501607708429129,1.9885305093054093,G-Longitudinal
grieta221.jpg,0.006320223601019327,0.39554703045706974,1.2894126257459506,2.058485892249314,G-Longitudinal
grieta222.jpg,-0.006664502880278581,0.30176552686529795,1.2360794122415013,2.0588789585698763,G-Longitudinal
grieta223.jpg,0.04285885063681607,0.3611814367991349,1.148568520851831,2.1191200830486667,G-Longitudinal
grieta224.jpg,0.024623124393829722,0.32622240072692965,1.0754444240154994,2.14537962485458,G-Longitudinal
grieta225.jpg,-0.1327893883732992,0.23861375058766357,1.1221579952871503,2.127449852026178,G-Longitudinal
grieta226.jpg,0.0672778675668233,0.38758955369882064,0.8780887588933,2.202744624934507,G-Longitudinal
grieta227.jpg,-0.28529154092593767,0.35939568208736633,0.7832241357176049,2.224965751173932,G-Longitudinal
grieta228.jpg,-0.4744067909164389,0.6376290649642328,0.6482610326785921,2.1837621951945243,G-Longitudinal
grieta229.jpg,-0.5562075269171078,0.5624216430476752,0.7425673691119032,2.182213982857768,G-Longitudinal
grieta230.jpg,-0.5716701102341311,0.3563401462969242,1.235239434610705,2.015499066723802,G-Longitudinal
grieta231.jpg,-0.7524585848777499,0.6332652048138445,0.9525450893033888,1.9952707315772937,G-Longitudinal
grieta232.jpg,-0.7488632399201497,0.7212960168859355,1.0767759088837927,1.9233649963802628,G-Longitudinal
grieta233.jpg,0.14963648407736777,1.2750557114911836,0.9865199159107287,0.8745805133133048,G-Longitudinal
grieta234.jpg,0.012870719684046298,1.212040540757092,0.4387238720432822,1.1876336322853804,G-Longitudinal
grieta235.jpg,0.5023239415542539,0.5494766367032479,0.25603927084267614,1.55445529260309,G-Longitudinal
grieta236.jpg,0.5616979740412884,-0.05237063684431367,0.470039735252253,1.6278877748428777,G-Longitudinal
grieta237.jpg,0.3481413080037317,0.37863319630232983,1.3871862860539592,0.9897540053943111,G-Longitudinal
grieta238.jpg,0.6384299225258238,0.8219837322552661,0.6631538224856883,1.2277266261340662,G-Longitudinal
grieta239.jpg,0.6211445267395304,0.7686025242233452,0.5790984739076679,1.2950824153627662,G-Longitudinal
grieta240.jpg,0.48084030756888413,0.8978344675417546,0.3651585219855999,1.3045784687456001,G-Longitudinal
grieta241.jpg,0.6459330941757889,0.65171910656497,0.7380963218784609,1.1918790336116116,G-Longitudinal
grieta242.jpg,0.5818235660587141,0.7006176100203978,0.9249955434627056,1.082098861593476,G-Longitudinal
grieta243.jpg,0.5288628568299948,0.06242663829298835,1.0552109627536286,1.2724024554096707,G-Longitudinal
grieta244.jpg,0.603994422328571,0.696647405867189,0.19849180866904884,1.4143472755689883,G-Longitudinal
grieta245.jpg,-0.4920669414619126,1.0714489708603778,0.18605346213385768,1.2452336242706254,G-Longitudinal
grieta246.jpg,0.6792096453472766,0.08877795792270926,0.7112430516204313,1.4914555309710211,G-Longitudinal
grieta247.jpg,0.535975589765843,-0.17735766645977835,0.9054197711293754,1.4243845911450206,G-Longitudinal
grieta248.jpg,0.10185644545583016,-0.20967211260730315,1.2844568241140504,1.2228769612630528,G-Longitudinal
grieta249.jpg,0.19199877426101503,-0.10185264366470023,1.2698183191806,1.1779908725314931,G-Longitudinal
grieta250.jpg,-0.3680429443233905,0.46263709417412213,1.3274942151298124,0.8100749322091356,G-Longitudinal
grieta251.jpg,-0.1946067242405045,0.7936938176569328,1.137612716643402,0.8163200723519569,G-Longitudinal
grieta252.jpg,-0.9445309980125869,0.4923704624693022,0.8077961028137841,1.005802997359039,G-Longitudinal
grieta253.jpg,-0.7126977254626018,0.9105753596875993,0.38643268938644093,1.1837831633236775,G-Longitudinal
grieta254.jpg,-0.6557473800545152,0.6737540137649444,0.011599707321775933,1.4695152915321756,G-Longitudinal
grieta255.jpg,-0.6360154658522224,0.7890722300698793,0.09295074021532126,1.4232563726517167,G-Longitudinal
grieta256.jpg,-0.9415710621973584,0.6320074775128693,0.30189498548760035,1.325611906066806,G-Longitudinal
grieta257.jpg,-0.879049780125295,0.7960545492490034,0.3839614123674478,1.24237054746115,G-Longitudinal
grieta258.jpg,-0.8213788216586393,0.9972310247714583,0.5140416809817282,1.0711777557298816,G-Longitudinal
grieta259.jpg,-0.7346593383565279,0.9983095781554062,0.8044202831570518,0.9422424927616396,G-Longitudinal
grieta260.jpg,-0.26694855661265143,1.2837983304157727,0.5965949275770758,0.9687456710084265,G-Longitudinal
grieta261.jpg,-0.2684785860451198,1.2111880874374052,0.8510738639315253,0.9314816921776141,G-Longitudinal
grieta262.jpg,-0.38018168157528326,1.1079879128014156,1.0894448742217455,0.7856072852216536,G-Longitudinal
grieta263.jpg,-0.12289424581047204,1.1773920615824718,1.139826142463438,0.7038931926783037,G-Longitudinal
grieta264.jpg,-0.14319031013415764,1.1859116657176427,1.3590659277233041,0.43554662681020356,G-Longitudinal
grieta265.jpg,-0.5551863442166346,1.194280481200219,0.7384350157761828,1.9782968432829426,G-Longitudinal
grieta266.jpg,-0.9213387906299926,0.7665206675128584,0.7498445572251139,2.046196834677196,G-Longitudinal
grieta267.jpg,0.2001252913962551,1.1137489848250566,0.7595372534841235,2.096836677257436,G-Longitudinal
grieta268.jpg,0.05244487583969239,0.7389006548600737,1.7880289417566024,1.5304571441867951,G-Longitudinal
grieta269.jpg,-0.43146041117854284,1.2532331646417625,0.7022144398459025,1.9655999566629234,G-Longitudinal
grieta270.jpg,0.2827384522092763,0.8700852416205154,0.5612828904555933,2.225154515934211,G-Longitudinal
grieta271.jpg,0.018354430337679375,1.3062460453657192,0.8504268316939042,1.933425579742249,G-Longitudinal
grieta272.jpg,0.30977676788852576,1.135013838450395,0.7940546139047447,2.0029927071283358,G-Longitudinal
grieta273.jpg,0.18898139112246792,1.151206403693683,1.1961162340053137,1.8462676781581113,G-Longitudinal
grieta274.jpg,-0.0021775740605041944,1.2561701113331052,1.3396008221151376,1.6656252980694204,G-Longitudinal
grieta275.jpg,-0.2367473527274746,0.7282345000403154,1.680227001020921,1.6749293911280472,G-Longitudinal
grieta276.jpg,0.17438843516058775,0.9187248662497345,1.6055168427302586,1.6234390213393537,G-Longitudinal
grieta277.jpg,-0.07049344281036159,1.094134058587666,1.5422863627367418,1.6069040501500669,G-Longitudinal
grieta278.jpg,0.11707569401305348,1.2327907992628764,1.330578611142569,1.6648183711064526,G-Longitudinal
grieta279.jpg,0.10386046072480912,0.25481218298847796,1.4988314564410918,1.9787159243097807,G-Longitudinal
grieta280.jpg,0.09908883442729398,0.19929221214972534,1.3377577195502626,2.1135586522172294,G-Longitudinal
grieta281.jpg,0.1322089957938457,0.20634682510359054,1.1609494679254262,2.178363305166776,G-Longitudinal
grieta282.jpg,-0.3735689591606214,1.1367184850364804,0.4469006327669041,1.839489625257448,G-Longitudinal
grieta283.jpg,0.3311349199204916,0.40211052554562055,0.9388212179369908,2.22809499759253,G-Longitudinal
grieta284.jpg,-0.1403155056445308,-0.014102336602482146,1.208947417399091,2.132797248517662,G-Longitudinal
grieta285.jpg,-0.3502700918962243,0.8429570526634538,1.5692426132286128,1.6645969871933575,G-Longitudinal
grieta286.jpg,-0.3367650549071027,-0.024313658462603107,0.9411565001966017,2.25656993268723,G-Longitudinal
grieta287.jpg,-0.6120079090808056,0.7155115306404902,0.5157574467040904,2.2333326045015567,G-Longitudinal
grieta288.jpg,-0.5183642143720728,0.18559025131526413,0.6730768611531145,2.333565734805223,G-Longitudinal
grieta289.jpg,-0.8312683359348406,0.6136789270350911,0.7722538012826761,2.123548579559162,G-Longitudinal
grieta290.jpg,-0.9785393910146012,0.645955361605487,0.9393141691562811,1.9425705797875636,G-Longitudinal
grieta291.jpg,-0.8803337853556147,0.5578261377737298,1.3054976053616323,1.8484331899668935,G-Longitudinal
grieta292.jpg,-0.8286102039246243,1.1159837159280654,0.9752566412492044,1.7570444606689999,G-Longitudinal
grieta293.jpg,-0.710565877253825,0.7869480873730222,1.454860703809461,1.6992222219886632,G-Longitudinal
grieta294.jpg,-0.7233705810062586,1.108396600066771,1.2935069028512287,1.598591126120325,G-Longitudinal
grieta295.jpg,-0.782037936924914,0.915542878377789,1.3850053780881426,1.3673928804128828,G-Longitudinal
grieta296.jpg,-0.8060396560530773,1.2215019398231464,0.8555585171013783,1.5326691019866794,G-Longitudinal
grieta297.jpg,-0.92894537942612,0.9236803444394438,0.8080998821096205,1.9955355685348248,G-Longitudinal
grieta298.jpg,-0.3749362313083372,1.061263476590539,0.34490646550238496,2.21939870489412,G-Longitudinal
grieta299.jpg,-0.3586531300125889,0.6956760294200807,0.3007540946816133,2.365040367590385,G-Longitudinal
grieta300.jpg,-0.4024330031003545,1.0867107124408457,0.4394913643034707,2.181594445708748,G-Longitudinal
grieta301.jpg,-0.9140576901358369,0.1836775762263121,1.04619459705834,2.097934846652192,G-Longitudinal
grieta302.jpg,-0.04752783817435374,1.3675684203788196,0.6867610918401525,1.96562257180353,G-Longitudinal
grieta303.jpg,0.3724083578270465,1.0787002536552617,0.7327733769041532,2.1082939678635277,G-Longitudinal
grieta304.jpg,0.030872472279816543,1.4179134058399856,0.873170786859807,1.8762188137387017,G-Longitudinal
grieta305.jpg,0.18679127845930268,0.21288828957703956,0.8531604711206041,2.3299858470046333,G-Longitudinal
grieta306.jpg,0.42707331302613344,1.103280136137361,1.1778724264814646,1.8680659536198134,G-Longitudinal
grieta307.jpg,-0.11813171363231008,0.7251396303019281,1.7539704103209564,1.6539203845296329,G-Longitudinal
grieta308.jpg,-0.17633088227693314,1.0367832791948475,1.6933393629055769,1.5231674532011856,G-Longitudinal
grieta309.jpg,0.3220212096652375,0.6999149124216951,1.7464587333316892,1.626128234461853,G-Longitudinal
grieta310.jpg,0.03132421888724316,-0.131968837707097,1.5525387049333466,1.9786408538950189,G-Longitudinal
grieta311.jpg,0.263116553825613,0.6609038997723502,1.249050161569486,2.161907917719244,G-Longitudinal
grieta312.jpg,0.2952408807496586,-0.08173646280563616,0.9348969668994785,2.2919742394557656,G-Longitudinal
grieta313.jpg,0.2950807261013957,0.08053476909001868,1.2160365307354937,2.1784630152658435,G-Longitudinal
grieta314.jpg,0.44268317075027364,0.2991633956059363,0.8966817370069359,2.2638645204986063,G-Longitudinal
grieta315.jpg,-0.03462970436443288,-0.0023756292851197713,1.0239031098973295,2.2970745174017475,G-Longitudinal
grieta316.jpg,0.06995996933415723,0.5511857244630477,0.5028368078885606,2.388544003786605,G-Longitudinal
grieta317.jpg,0.24203333352060113,0.07320529397063279,1.0140736667369374,2.2483210685652377,G-Longitudinal
grieta318.jpg,-0.5379500674127794,0.7905225150117174,0.3815534946144743,2.2536468853033944,G-Longitudinal
grieta319.jpg,-0.46705070795116543,0.5454608850730942,0.4028215578413979,2.383322714416808,G-Longitudinal
grieta320.jpg,-0.7333914480409293,0.46203667263539333,0.54882380704143,2.301723031230756,G-Longitudinal
grieta321.jpg,-0.9180163920124546,0.444602781811423,0.7921391055557259,2.1320842436267013,G-Longitudinal
grieta322.jpg,0.04817732819066637,-0.08812285053769965,-0.9236228347294647,1.3680978130087227,G-Longitudinal
grieta323.jpg,-1.02402588070502,0.85255266766312,1.0884257219605051,1.819169014687345,G-Longitudinal
grieta324.jpg,-0.17040876846039651,1.4192432701251645,1.035282581433395,1.780570271084079,G-Longitudinal
grieta325.jpg,-0.5788175295882992,0.7309872947713075,1.711169487117544,1.5760862531167747,G-Longitudinal
grieta326.jpg,-0.6995237321571336,0.71190555832879,1.599885317754683,1.6425273823448898,G-Longitudinal
grieta327.jpg,-0.599175266046247,1.2799519042050111,1.2506759451191556,1.628830218154533,G-Longitudinal
grieta328.jpg,-0.4906354217741815,1.3453702277206416,1.2273897449983475,1.6495329222238024,G-Longitudinal
grieta329.jpg,-0.886654564645733,0.8514641971606897,0.5031886502724628,1.9930207641253948,G-Longitudinal
grieta330.jpg,-0.17237920791403075,0.984554831433854,0.21629918948309534,2.156956051616482,G-Longitudinal
grieta331.jpg,-1.0632683911264484,0.5130228090249044,1.19793379632927,1.68183565726326,G-Longitudinal
grieta332.jpg,0.14339371150136854,1.1685824956774973,1.346649575858018,1.5343385833679386,G-Longitudinal
grieta333.jpg,0.3397921495867171,1.2365631489453826,0.7287812523785239,1.8561494742170364,G-Longitudinal
grieta334.jpg,0.2492991018571686,1.370172194968744,0.8212034282617008,1.7547445427819408,G-Longitudinal
grieta335.jpg,0.44106871030156747,1.2730506600576421,-0.604202111854011,0.7830252252171724,G-Longitudinal
grieta336.jpg,0.3871179167437579,1.0271487255696,1.353565058989351,1.6292043939127328,G-Longitudinal
grieta337.jpg,-0.025024447476824797,0.9185429228684044,1.6310544832152374,1.4646111023463126,G-Longitudinal
grieta338.jpg,-0.1748473185321541,0.9700879180989974,1.6816351640612468,1.372550864422106,G-Longitudinal
grieta339.jpg,0.1848035925192203,0.7758238081561056,1.6957669006803018,1.4965681660548764,G-Longitudinal
grieta340.jpg,0.29119351378739106,1.233104232979103,1.435861011324222,1.4637128892187283,G-Longitudinal
grieta341.jpg,0.6337900956925652,0.488594185914173,1.2910625971247445,1.9136304113485767,G-Longitudinal
grieta342.jpg,0.2610461250783931,-0.06780147469858624,1.4902304105244846,1.8940402709230286,G-Longitudinal
grieta343.jpg,0.12228506604922154,-0.11214020982070111,1.3338562508073237,1.9848834296173339,G-Longitudinal
grieta344.jpg,0.42014988627260924,0.1635358868768246,0.9809052294675794,2.125399661510556,G-Longitudinal
grieta345.jpg,0.01888107774465084,-0.010622886407561984,1.4097213983507275,1.8957471319996817,G-Longitudinal
grieta346.jpg,0.6159003326935865,0.6927641929414641,0.8643236658718236,2.0097418482473146,G-Longitudinal
grieta347.jpg,-0.09825517305315591,-0.16853478461639004,1.0170222136497895,2.1343208642577274,G-Longitudinal
grieta348.jpg,-0.6976583787608476,0.5484874087834835,0.4020562972807959,2.129703264298047,G-Longitudinal
grieta349.jpg,-0.7016355101069185,0.547910060688017,0.4046312550094078,2.1280443154913473,G-Longitudinal
grieta350.jpg,-0.8348636386467595,0.3504435489620276,0.4887876681959466,2.1593507956193627,G-Longitudinal
grieta351.jpg,-1.0411432981972175,0.4467966771727303,0.7678456006185759,1.9429063504678896,G-Longitudinal
grieta352.jpg,-1.0077289693650557,0.34289858685602653,1.1519458551339157,1.7836734629999578,G-Longitudinal
grieta353.jpg,-1.0092050186589911,0.9069416430810197,0.9919560312418039,1.682688451242114,G-Longitudinal
grieta354.jpg,-0.5744836469082164,1.4039270091951874,0.9051131817497068,1.5834564473495736,G-Longitudinal
grieta355.jpg,-0.6949209569835227,0.7240617271896482,1.6089522697222023,1.4361559989894055,G-Longitudinal
grieta356.jpg,-0.778222549056784,0.7252835977737333,1.484889888345297,1.5147578775292376,G-Longitudinal
grieta357.jpg,-0.513350258652693,1.368944336679719,0.6803440476545117,1.7104642379037591,G-Longitudinal
grieta358.jpg,-0.7234671116877144,1.2682436302885076,1.1450231236188344,1.4961225902166086,G-Longitudinal
grieta359.jpg,1.1053294634601178,-0.4170687905007619,2.1461098158861813,-1.1421966141804751,G-Longitudinal
grieta360.jpg,-0.8162985946657161,1.1675983727930164,0.6325503521808287,1.8133573779048417,G-Longitudinal
grieta361.jpg,-0.5802572881956977,1.0120255253804256,1.2382644595260242,1.6215125408926072,G-Longitudinal
grieta362.jpg,-0.5636535670357637,1.1130643545961414,1.0884904777530322,1.6726162163038443,G-Longitudinal
grieta363.jpg,-0.5808830177308348,1.1540489657279016,0.8754411378922354,1.8049145715275745,G-Longitudinal
grieta364.jpg,-2.4513750886654186,-0.7498820413982267,0.7020897944641401,-0.7539556697658464,G-Longitudinal
grieta365.jpg,-0.4808128878251615,1.0072423179354846,0.5414263277379221,2.017187647733496,G-Longitudinal
grieta366.jpg,-0.6435137150629463,0.9530350142023599,0.6449896898803624,1.9750039884508375,G-Longitudinal
grieta367.jpg,-0.6981194707966843,0.8770883993098078,0.6709073655772613,1.9547166662607955,G-Longitudinal
grieta368.jpg,-0.4380076874797645,0.7019348613709387,1.5023955226260843,1.6669879103197647,G-Longitudinal
grieta369.jpg,0.07444789708910009,1.1740007904081848,0.8949010463365608,1.8328894611763047,G-Longitudinal
grieta370.jpg,0.05734532024789422,1.18529739048099,0.7961218885604037,1.9024441058875619,G-Longitudinal
grieta371.jpg,0.16004924327977882,1.1361082176816109,0.9092994926871755,1.8851805948845095,G-Longitudinal
grieta372.jpg,0.04542486345335325,1.1781345029981765,1.0930569577594862,1.7534313711243454,G-Longitudinal
grieta373.jpg,-0.09739130556145961,1.1951627705153407,1.1992029513568527,1.675793416484146,G-Longitudinal
grieta374.jpg,-0.08023492917189183,0.9056183524398427,1.4853285518683377,1.6379532525048575,G-Longitudinal
grieta375.jpg,-0.006030981934554305,0.9758802531795527,1.4713382829928008,1.590555936178715,G-Longitudinal
grieta376.jpg,0.06318528426070544,0.8073336598494919,1.5101196260236958,1.7018417130356105,G-Longitudinal
grieta377.jpg,0.3048920941132835,0.504494624425068,1.2938993228315974,1.9351793121379488,G-Longitudinal
grieta378.jpg,0.14995382092487153,0.28174242667950516,1.3174471449180039,1.9633428839710103,G-Longitudinal
grieta379.jpg,0.17643560549412818,0.2819592058714244,1.1964314974277281,2.04285636886334,G-Longitudinal
grieta380.jpg,0.11169189599879588,0.23064552634305086,1.0800951916049921,2.084883018533591,G-Longitudinal
grieta381.jpg,0.10049484639930067,0.2483541430272256,0.9028000922939794,2.1720513535895103,G-Longitudinal
grieta382.jpg,0.005865909374632873,0.19620153150719916,0.9474322976726001,2.1489606475189733,G-Longitudinal
grieta383.jpg,-0.12597702951021325,0.1455385102056603,0.9408860853545389,2.1580397579990263,G-Longitudinal
grieta384.jpg,-0.020146203653438995,0.3108096948321052,0.717899992430253,2.220001616149767,G-Longitudinal
grieta385.jpg,-0.4287242522812422,0.5334727359836815,0.5285790781125969,2.184565390596409,G-Longitudinal
grieta386.jpg,-0.5863276315292886,0.7483924862159647,0.538697001196261,2.0963855121245283,G-Longitudinal
grieta387.jpg,-0.632459422270339,0.774890478827354,0.5895689920647048,2.0493250215483227,G-Longitudinal
grieta388.jpg,-0.7952109801932601,0.752812789020692,0.7906669102454351,1.929701642718839,G-Longitudinal
grieta389.jpg,-0.8459177596040318,0.7217447802023461,0.9077937591324354,1.859110654098873,G-Longitudinal
grieta390.jpg,-0.8107136661248083,0.8460461998300592,1.016938115804983,1.7938768960926528,G-Longitudinal
grieta391.jpg,-0.7519225757172052,0.8627613910229658,1.1873142723279877,1.6890405913935522,G-Longitudinal
grieta392.jpg,-0.5926351903985267,0.9240568643847454,1.3213394372249252,1.6187707229955595,G-Longitudinal
grieta393.jpg,-0.4330868087093156,0.8480061672072219,1.071168031688072,1.9253612330330354,G-Longitudinal
grieta394.jpg,-0.4753367231078437,0.8644095197190784,0.9809292708038398,1.9687035767030479,G-Longitudinal
grieta395.jpg,-0.4418133970743748,0.8006229774231469,0.8812509538801014,2.06247901193947,G-Longitudinal
grieta396.jpg,-0.41048399563473587,0.7637411803905316,0.8594232537273236,2.1042280385993926,G-Longitudinal
grieta397.jpg,-0.44470209030806607,0.7122520508278943,0.8861085678533774,2.0902797187045676,G-Longitudinal
grieta398.jpg,-0.4983330695225084,0.7040603768671451,0.9305276595734436,2.047201167608751,G-Longitudinal
grieta399.jpg,-0.39936628186847983,0.8260472342372905,0.9171682856747817,1.972267697331987,G-Longitudinal
grieta400.jpg,-0.24903086465537608,0.9420796822324075,0.918355796318383,2.0045648435182617,G-Longitudinal
grieta401.jpg,-0.26745623045282985,0.7811824846417229,1.1536909341546242,2.1730158755600235,Healthy-pavement
grieta402.jpg,-0.2919182337682501,0.7512899920566444,1.1584867330630801,2.179920453929002,Healthy-pavement
grieta403.jpg,-0.29983812993174846,0.7669353862847414,1.1583678877231194,2.168077576871282,Healthy-pavement
grieta404.jpg,-0.2833865792295638,0.7574259108528497,1.1281035578607816,2.187737071027664,Healthy-pavement
grieta405.jpg,-0.2818868775302649,0.7458627006187556,1.148617335754419,2.1880183276687806,Healthy-pavement
grieta406.jpg,-0.2549350366716612,0.7681195637205966,1.1258671657487163,2.1874280983563095,Healthy-pavement
grieta407.jpg,-0.2577711384901562,0.7448306906978787,1.1463493814522112,2.1915531835672097,Healthy-pavement
grieta408.jpg,-0.29100576166781095,0.749088112069408,1.1410618236096555,2.1883743636419446,Healthy-pavement
grieta409.jpg,-0.26269210258182496,0.7525580018018957,1.130247653208775,2.1964261261208544,Healthy-pavement
grieta410.jpg,-0.25916662397319984,0.7429543533415239,1.1696424556349432,2.1738013863303016,Healthy-pavement
grieta411.jpg,-0.2926174603312989,0.7705564242169409,1.1772794994395341,2.1543396184075627,Healthy-pavement
grieta412.jpg,-0.3033347148532432,0.7568857842990571,1.1436197442832179,2.1762527314721827,Healthy-pavement
grieta413.jpg,-0.27025077873843306,0.7284552550446907,1.1819636903555233,2.1628605411524116,Healthy-pavement
grieta414.jpg,-0.2551144486084928,0.7354657487753152,1.1756106155305834,2.1501710994094645,Healthy-pavement
grieta415.jpg,-0.270794319503686,0.735232640099516,1.1554087574684033,2.175683113041703,Healthy-pavement
grieta416.jpg,-0.24609483274779195,0.7008872284371286,1.1436718337351715,2.1561893881394845,Healthy-pavement
grieta417.jpg,-0.2544171289312586,0.7769766837043132,1.1359623377591963,2.1390564065151105,Healthy-pavement
grieta418.jpg,-0.27334385791716664,0.7682612413366284,1.1074442806810814,2.15433356054177,Healthy-pavement
grieta419.jpg,-0.29734466428552436,0.7367365354122526,1.1537113280817084,2.1294555178139816,Healthy-pavement
grieta420.jpg,-0.3082686330848977,0.7456049691492074,1.1193242190587835,2.153808358525765,Healthy-pavement
grieta421.jpg,-0.2751146404470313,0.7844924170398847,1.1784876057734712,2.145558507652494,Healthy-pavement
grieta422.jpg,-0.3067546114663496,0.7682096603111297,1.1459964963498799,2.1605506360382347,Healthy-pavement
grieta423.jpg,-0.27633929874943514,0.7545225341277186,1.1855855709095346,2.152953756995799,Healthy-pavement
grieta424.jpg,-0.27048231620324487,0.7918889760909925,1.154163996592035,2.1535026462914146,Healthy-pavement
grieta425.jpg,-0.25373724234478456,0.7693221497355663,1.1680350990673514,2.164085039689015,Healthy-pavement
grieta426.jpg,-0.057372851296562194,-0.5432700552865722,-1.582397107528423,-1.1056475334846592,Healthy-pavement
grieta427.jpg,-0.43045504064974277,-0.24023521991984628,-0.2667991299565047,-1.950021520308282,Healthy-pavement
grieta428.jpg,0.13790804260994816,-1.2857230224265352,-0.5448477325116221,-1.4215086239145296,Healthy-pavement
grieta429.jpg,-0.41175060140135916,-1.3313075908811605,-0.6617512782029242,-1.3451874547519833,Healthy-pavement
grieta430.jpg,-0.4081110011484327,-0.9109793530524741,-0.3203677017942219,-1.7224891568643341,Healthy-pavement
grieta431.jpg,0.6819960167492298,-0.16022716201939782,-0.2892284714047851,-1.8506720968663721,Healthy-pavement
grieta432.jpg,0.7266683426111052,0.19737672323312647,-1.3060672650270768,-1.4182519736657682,Healthy-pavement
grieta433.jpg,-0.6818541188504571,-0.19556090290407588,-0.7985642077542326,-1.753132454673203,Healthy-pavement
grieta434.jpg,-0.29065269381833014,0.2081946769918339,-1.1409762818429001,-1.6153310915321568,Healthy-pavement
grieta435.jpg,-0.6386474022625933,-0.9264875306994323,-1.2281717833311112,-1.263024305942344,Healthy-pavement
grieta436.jpg,1.490896014740091,-0.6785577160715125,-1.85949139609668,-1.903587711129191,Healthy-pavement
grieta437.jpg,0.015281131633396115,-1.4345136993292436,-2.154033274079552,-1.688709269554471,Healthy-pavement
grieta438.jpg,0.5779537850658902,-1.1818057914849056,-2.3915238621396546,-1.6003062586488566,Healthy-pavement
grieta439.jpg,-0.08896910731815552,-1.898587143598045,-1.7190832564092755,-1.8331755728137558,Healthy-pavement
grieta440.jpg,1.1747593424202702,-0.45566264991797994,-2.034913335497802,-1.969739510984664,Healthy-pavement
grieta441.jpg,0.6336855789205711,0.1619583263248606,-1.2405038676294642,-2.6751566348235696,Healthy-pavement
grieta442.jpg,0.12726325713294392,0.16697775284169478,-1.1104173243240743,-2.8251071129426055,Healthy-pavement
grieta443.jpg,1.0528990677294001,0.15475792363995577,-1.514460569609659,-2.4577212557987735,Healthy-pavement
grieta444.jpg,0.3848174018470752,0.11465496536981448,-2.1478062055792133,-2.169672917064185,Healthy-pavement
grieta445.jpg,0.04401132338196433,0.10711355329606032,-1.7444282249499377,-2.489218745605253,Healthy-pavement
grieta446.jpg,0.8833930856556084,-1.7712635408177821,-1.0401212057158822,-1.8216137904868004,Healthy-pavement
grieta447.jpg,1.3151827376642864,-1.2423893108747905,-1.4892294285198129,-1.6837002002974744,Healthy-pavement
grieta448.jpg,0.9849551595961296,-1.3577937628329377,-1.9239370310253587,-1.4556637646563122,Healthy-pavement
grieta449.jpg,1.4001114895122186,-1.3215255265426515,-0.9755902236039011,-1.9457302866139619,Healthy-pavement
grieta450.jpg,1.0276737889579644,-1.5354081107186324,-1.6720842937211244,-1.524310367632801,Healthy-pavement
grieta451.jpg,-0.28663379957939306,0.7694944339211998,1.1565755002958975,2.1885045991041645,Healthy-pavement
grieta452.jpg,-0.2725407093399825,0.7608879041927212,1.1583589197376407,2.191937575410429,Healthy-pavement
grieta453.jpg,-0.26907589901622053,0.7687994704734401,1.1650768037589239,2.187163683218427,Healthy-pavement
grieta454.jpg,-0.2742281569744328,0.7777664629496273,1.1546515042504637,2.187887603171749,Healthy-pavement
grieta455.jpg,-0.2856396902283584,0.774769246027758,1.160217213488254,2.1843216601836195,Healthy-pavement
grieta456.jpg,-0.255236673164606,0.7444238076256008,1.1626870161535765,2.1913610961537655,Healthy-pavement
grieta457.jpg,-0.26962920683745956,0.7551952910856009,1.1691029208844874,2.1844701904386383,Healthy-pavement
grieta458.jpg,-0.28530761517810205,0.7698118613106276,1.1368964242535793,2.1936857208578036,Healthy-pavement
grieta459.jpg,-0.29355903263841326,0.7703361410505839,1.1708474306220835,2.1739033335619995,Healthy-pavement
grieta460.jpg,-0.2746628738093511,0.7488404864204938,1.1419824697809022,2.1991753636863045,Healthy-pavement
grieta461.jpg,-0.2784885353530645,0.7713347359928922,1.162476778767911,2.1931114381824774,Healthy-pavement
grieta462.jpg,-0.2784885264679725,0.7713347408128973,1.1624767766497217,2.193111438801393,Healthy-pavement
grieta463.jpg,-0.27848853994350775,0.7713347352193145,1.1624767848519701,2.1931114344607514,Healthy-pavement
grieta464.jpg,-0.2784885402096163,0.7713347328799692,1.1624767814406476,2.1931114371784703,Healthy-pavement
grieta465.jpg,-0.2754535145147431,0.774983707164433,1.1657966376270739,2.186640465590077,Healthy-pavement
grieta466.jpg,-0.2801171980035065,0.7734489666791843,1.160422382721748,2.190370106827346,Healthy-pavement
grieta467.jpg,-0.27665146987537564,0.7696136375269521,1.1574239419515058,2.193433171145391,Healthy-pavement
grieta468.jpg,-0.2714494941742978,0.7696512720529277,1.1613888818803653,2.192171524493962,Healthy-pavement
grieta469.jpg,-0.27506920355384296,0.7750878988406056,1.1593122968036895,2.1911127373220802,Healthy-pavement
grieta470.jpg,-0.27884005778672055,0.7744048311448078,1.1570046718553042,2.192030038444406,Healthy-pavement
grieta471.jpg,-0.24974722056232973,0.765052721658261,1.1534704810939966,2.1908965216455023,Healthy-pavement
grieta472.jpg,-0.25936930470058467,0.7933764533871527,1.1544881500278943,2.1764539611679434,Healthy-pavement
grieta473.jpg,-0.2799681999866695,0.7912029668776452,1.138150727258419,2.186882634230244,Healthy-pavement
grieta474.jpg,-0.2876263694350937,0.7933082639368554,1.1564770162649067,2.175084321166018,Healthy-pavement
grieta475.jpg,-0.27711255158460846,0.7835572475273654,1.135152567835331,2.1917470534425867,Healthy-pavement
grieta476.jpg,2.730351980068121,-4.03410337098851,-5.731273656490641,-13.72391675049836,Healthy-pavement
grieta477.jpg,2.771043827123536,-3.4033601726759635,-7.706733236463653,-12.92543058384823,Healthy-pavement
grieta478.jpg,3.1297363454663536,-3.320826938233721,-6.933160669811183,-13.33635539056112,Healthy-pavement
grieta479.jpg,1.812880648163023,-3.6014097611795086,-8.317422594743592,-12.728243212289511,Healthy-pavement
grieta480.jpg,2.0617983956471377,-4.7300528374670625,-8.004876545310045,-12.481651842671733,Healthy-pavement
grieta481.jpg,1.8071526330647765,-3.7116811008237964,-6.376996367848912,-14.392452586278615,Healthy-pavement
grieta482.jpg,1.2003455383422272,-3.7264507128615683,-6.657713516205356,-14.311849002302774,Healthy-pavement
grieta483.jpg,3.1312698130958325,-4.394455634026796,-7.731510118054621,-13.30395846349904,Healthy-pavement
grieta484.jpg,2.6535589811884295,-4.995039723742419,-7.471045566675186,-13.290839518217885,Healthy-pavement
grieta485.jpg,1.091517863459508,-3.672321078296966,-7.531094699290841,-13.926354763703651,Healthy-pavement
grieta486.jpg,2.2989047317231006,-5.950556025762141,-6.35471696869534,-14.009374411936985,Healthy-pavement
grieta487.jpg,3.316482764445174,-5.659604090801251,-7.065740845183244,-13.528813732015683,Healthy-pavement
grieta488.jpg,2.546691258730071,-2.872315479821509,-7.318751947689082,-14.443302545117653,Healthy-pavement
grieta489.jpg,3.5538876172227742,-3.7383200786826594,-6.891486950783814,-14.204690032301897,Healthy-pavement
grieta490.jpg,1.4628876176497039,-5.3369906102457545,-6.078493329681055,-14.421214836711622,Healthy-pavement
grieta491.jpg,1.5337385378490056,-4.970091483575376,-7.034322590884254,-10.947175504822305,Healthy-pavement
grieta492.jpg,0.8430462811867298,-5.014587617116058,-6.401678608843728,-11.395479457309277,Healthy-pavement
grieta493.jpg,1.7649375133931797,-3.2797163617110825,-5.267641100319638,-12.396745246726558,Healthy-pavement
grieta494.jpg,1.728182915531013,-3.0228545382143657,-7.236601164694715,-11.445444559471177,Healthy-pavement
grieta495.jpg,2.3539206356280844,-4.986223851991699,-6.194190857717479,-11.219242120334807,Healthy-pavement
grieta496.jpg,0.2024848181472762,-4.809036656603491,-6.479886975673124,-12.597697763415797,Healthy-pavement
grieta497.jpg,0.21715916396611784,-3.71261256605079,-6.591324388366697,-12.970696773189886,Healthy-pavement
grieta498.jpg,2.0980390904037907,-5.336856558118339,-5.5256600057708685,-12.663340882068072,Healthy-pavement
grieta499.jpg,0.47475889007099836,-4.266009512302084,-7.583897766328713,-12.144099634954173,Healthy-pavement
grieta500.jpg,0.6539714781788651,-4.1392808183778955,-5.457304456210352,-13.288930942380034,Healthy-pavement
grieta501.jpg,-1.2622647397292965,-0.3384456675682513,-2.2231508483713727,-1.9058459091784155,G-alligator
grieta502.jpg,-0.12804642947564165,1.0125763411720343,-1.6553452665146677,-2.5638577744384157,G-alligator
grieta503.jpg,-1.3357398185788798,0.11674193836771518,-1.3316383989851766,-2.5621659801020233,G-alligator
grieta504.jpg,-1.6272491217643898,-0.6083242752468451,-1.4937197164863993,-2.2624373303449947,G-alligator
grieta505.jpg,-0.6043163403818,-0.14816972339813855,5.052664454145391e-05,-3.105878716365932,G-alligator
grieta506.jpg,-0.7094641905894981,0.3106110506119627,-2.4101086022851854,-1.994141925305671,G-alligator
grieta507.jpg,-0.942615470524113,-0.5692559845103424,-0.030630576065503116,-2.966262228771106,G-alligator
grieta508.jpg,-0.7047678523921826,-0.6915828124541694,-2.648587398214492,-1.5321750717058997,G-alligator
grieta509.jpg,0.39588176075371834,1.0659420263556136,-1.4179329176464701,-2.6117641772463234,G-alligator
grieta510.jpg,-0.2433216439339866,-1.3077263313121692,0.26484118654617106,-2.8805131261407166,G-alligator
grieta511.jpg,1.6537093880864935,-0.25193025827093857,-2.0260231805638615,-5.749515071502292,G-alligator
grieta512.jpg,0.1888417222423246,-0.6157697367203768,-1.6545696324765364,-6.076350787950911,G-alligator
grieta513.jpg,1.3653113623333966,-0.6768086207053977,-1.1705741203023543,-6.035565254930686,G-alligator
grieta514.jpg,1.4501080041828474,-2.5181173480487105,-0.7265982362719346,-5.608136963936408,G-alligator
grieta515.jpg,2.1876982578849216,-3.3207297884568137,-1.6904334691435026,-4.603939915124721,G-alligator
grieta516.jpg,0.2188052472368003,-3.761013659750341,-1.4681308030064817,-4.922810193272913,G-alligator
grieta517.jpg,1.9760768471145875,-3.0082061823178416,-1.1001202682038134,-5.1075491321301545,G-alligator
grieta518.jpg,2.6968304472119957,-2.267356534357996,-2.581481804980817,-4.492291607339942,G-alligator
grieta519.jpg,0.08585517355900583,-1.6641939150387561,-0.7229497246243289,-6.075462933976988,G-alligator
grieta520.jpg,1.9859535443267,-3.1794958157435533,-1.8114481156690763,-4.728283914433987,G-alligator
grieta521.jpg,1.9017405302394481,-0.6218551877620832,-1.7186266547001614,-7.418701545580017,G-alligator
grieta522.jpg,2.5793802148519633,-0.16786765057391465,-4.354341287009601,-6.015180072065725,G-alligator
grieta523.jpg,-1.3150849532923823,-0.4371703091677548,-3.053858883497499,-7.10186063577611,G-alligator
grieta524.jpg,1.2126127979095254,0.5178589743181304,-2.8352113342703666,-7.143354691058444,G-alligator
grieta525.jpg,0.1856206036875785,0.5778024945574651,-4.040411611245465,-6.731073526693146,G-alligator
grieta526.jpg,-1.7790549173673031,-1.1134594586437403,-3.149194453388736,-6.90078164822007,G-alligator
grieta527.jpg,-0.22396371508070154,0.1675605881921903,-2.488176732166974,-7.4177539201161915,G-alligator
grieta528.jpg,-1.628169346728658,-3.4479136813149363,-3.6168998030619988,-5.913176552938002,G-alligator
grieta529.jpg,-1.1957097093198816,-0.6726921713136602,-4.474159337379329,-6.375349923958076,G-alligator
grieta530.jpg,0.4006298439633144,0.3581349513701626,-3.6076932520935805,-6.959773792549187,G-alligator
grieta531.jpg,0.6127321339620828,-3.2228974846906007,-1.855297029731227,-5.754745371620525,G-alligator
grieta532.jpg,0.5550080838790105,-3.699772404583332,-2.405901815073402,-5.284684555475625,G-alligator
grieta533.jpg,0.7698365168820355,-3.52506108792223,-3.4632271919402746,-4.803952777332086,G-alligator
grieta534.jpg,0.4774267481641617,-3.171800215121124,-3.3262754515117106,-5.017610170512295,G-alligator
grieta535.jpg,-0.17946056947470623,-3.577976977929866,-3.097601805580294,-4.979700271179248,G-alligator
grieta536.jpg,0.6187916763566668,-3.8239950796093107,-3.1439593426438894,-4.877957128783963,G-alligator
grieta537.jpg,0.09968946726145915,-3.420166011006364,-2.037932530095541,-5.636837822926061,G-alligator
grieta538.jpg,0.1005671230241831,-2.955309925221149,-2.182909886744066,-5.82531389827195,G-alligator
grieta539.jpg,-0.1371193835683046,-3.4685174577030273,-2.702362102968256,-5.307775940012366,G-alligator
grieta540.jpg,0.9096149843878052,-3.139413558701171,-2.6827837283956186,-5.388131242607781,G-alligator
grieta541.jpg,-0.16914529369636075,-1.9325345790677342,-4.127831052632699,-3.0949520700818858,G-alligator
grieta542.jpg,0.3868067363949509,-3.806182542484747,-2.109470554676246,-3.3758796462211795,G-alligator
grieta543.jpg,-1.048618550350732,-3.1284874942453302,-2.794291640670152,-3.444037226285541,G-alligator
grieta544.jpg,1.0963017042408798,-0.9074298865238014,-4.196696630229105,-3.2820678480070664,G-alligator
grieta545.jpg,-0.29298970807454056,-3.570299529531339,-1.451454685311209,-3.8928690151589582,G-alligator
grieta546.jpg,-0.487950427429302,-3.07059627160314,-3.4401331585221846,-3.0320130627251665,G-alligator
grieta547.jpg,-1.0884078769577747,-2.600971644741306,-3.4211021572962985,-3.3511909917299656,G-alligator
grieta548.jpg,-1.1975086400277115,-2.5794423699815194,-1.0022206346472309,-4.599544551816657,G-alligator
grieta549.jpg,-1.322480519838204,-3.0350227119466986,-1.9328626493869014,-3.977884956741097,G-alligator
grieta550.jpg,-1.5456809028998544,-1.996947921786582,-2.41080727073434,-4.240096302070915,G-alligator
grieta551.jpg,1.6104757785951076,-0.7953544831220222,0.12806984211100922,-2.7167188269627274,G-alligator
grieta552.jpg,2.241185407139609,-0.25307511437106855,-1.1335790145073008,-2.1536000896729486,G-alligator
grieta553.jpg,1.1165111755802666,0.010961136990781504,0.1459272413762067,-3.0787924924154266,G-alligator
grieta554.jpg,1.9111171435140155,-0.27356559630162297,-0.42304244696872545,-2.611653222295053,G-alligator
grieta555.jpg,-0.7632197610101359,-1.817871822775042,-0.02914437041378572,-2.618519098776868,G-alligator
grieta556.jpg,1.6254566490183517,-2.0332695052420187,-0.599329711450118,-1.8970634696543578,G-alligator
grieta557.jpg,0.21767143091581256,0.5638178376669536,-0.11078546367003943,-3.174036881771883,G-alligator
grieta558.jpg,1.3516890292741741,-1.2820988149200432,0.38970222476767674,-2.71866691208726,G-alligator
grieta559.jpg,0.5790434923752745,-2.5459692997533936,-0.5242510344704623,-1.9398608739120533,G-alligator
grieta560.jpg,-0.20776196055157164,-1.3451708365658717,0.2684784094166377,-2.865195051917877,G-alligator
grieta561.jpg,2.78895204289389,-2.095893448664226,-3.4859766546069966,-4.077023881159804,G-alligator
grieta562.jpg,2.7797142248346245,-2.004162139107848,-2.3994152885943336,-4.911608117723399,G-alligator
grieta563.jpg,1.6552633702533548,-2.0746182656984997,-4.497196852204401,-3.730857356803667,G-alligator
grieta564.jpg,2.3022485830650354,-1.696887784099618,-3.9534939472838704,-4.272477720005801,G-alligator
grieta565.jpg,0.4753918233779094,-1.866625304575738,-4.849194481072406,-3.700190963783619,G-alligator
grieta566.jpg,2.37553438041882,-0.34172781751198206,-2.4509990328857962,-5.480152818014761,G-alligator
grieta567.jpg,2.5390986775542244,-0.4031568015249235,-3.2215955035913986,-4.949229151217847,G-alligator
grieta568.jpg,-0.3319361777717203,-0.9991814007724407,-4.42446436450869,-4.481919020805719,G-alligator
grieta569.jpg,1.4924706934707541,-1.4327461556628844,-4.659120502579883,-3.937125118096781,G-alligator
grieta570.jpg,2.4145909249041346,-2.8772550620509696,-2.4271237304831663,-4.44099161880045,G-alligator
grieta571.jpg,0.5011872131108546,-2.134587598099414,-6.044818637268759,-4.7554983476999215,G-alligator
grieta572.jpg,3.4756486872000676,-1.7412221222161575,-3.1047469336457976,-6.113857394633819,G-alligator
grieta573.jpg,-1.8689127667385834,-2.8143323407738783,-3.9188047000469983,-5.738487700131683,G-alligator
grieta574.jpg,-0.6729111458088793,-3.557885451606417,-1.3702014908197793,-6.770572053527187,G-alligator
grieta575.jpg,1.9130236471736644,-3.9734409086418085,-1.265319315452656,-6.370007619880484,G-alligator
grieta576.jpg,2.9057298083489047,-2.6734841974878503,-1.703770933553735,-6.417868517607842,G-alligator
grieta577.jpg,0.6411251992703582,-3.8230834562208735,-5.013373527379358,-4.564409262152701,G-alligator
grieta578.jpg,2.1470575923222244,-1.3040092095301699,-5.209007654317511,-5.157721730086178,G-alligator
grieta579.jpg,0.13076783992665295,-0.23760953869183057,-5.527695960591909,-5.554650088705009,G-alligator
grieta580.jpg,-0.5045712567707006,-0.004703683465586153,-3.4515597297605476,-7.044486743435709,G-alligator
grieta581.jpg,1.8756424529906572,-1.8204469117269702,-1.8417088354531272,-6.310920402904672,G-alligator
grieta582.jpg,1.2574153587925387,-0.27592438060264546,-4.007132106102556,-5.635548959913685,G-alligator
grieta583.jpg,0.38214005080215907,-1.1773656758544138,-4.886269088455185,-4.883468025564945,G-alligator
grieta584.jpg,1.7591995888686507,-0.8078170869628392,-3.96107717988716,-5.512690546968258,G-alligator
grieta585.jpg,0.8317300612085906,-1.0529659409227092,-4.529226669699553,-5.24647607908869,G-alligator
grieta586.jpg,-0.6416567116049426,-1.936009392672508,-1.8088276981213116,-6.503871373682826,G-alligator
grieta587.jpg,0.34449623164044246,-1.576687097658464,-1.294890067817468,-6.771506618061378,G-alligator
grieta588.jpg,2.0734309413751,-3.3549685747998548,-3.74246896543807,-4.474120358949436,G-alligator
grieta589.jpg,-0.5378886370037035,-2.4056612783910776,-4.179688445178291,-5.051344371029121,G-alligator
grieta590.jpg,0.6906647770304171,-3.2077896518430973,-2.869663787510223,-5.285878899419245,G-alligator
grieta591.jpg,1.1244692102326614,-3.12908380956626,-3.204207401054774,-3.110868027865129,G-alligator
grieta592.jpg,0.6527197000225784,-0.2512776143601091,-0.8289955120237246,-5.448266361762845,G-alligator
grieta593.jpg,-0.2614417497199485,0.008764738150340748,-1.1469778323071746,-5.412149028416076,G-alligator
grieta594.jpg,2.319304350693044,-0.20151376359161718,-2.5049572234271547,-4.352732250387111,G-alligator
grieta595.jpg,-1.2711538754156384,-0.6753352697215047,-1.6788411045814986,-5.082645211728822,G-alligator
grieta596.jpg,-1.607501327102184,-1.2237799029408398,-2.123902485041083,-4.699523946144919,G-alligator
grieta597.jpg,-1.2096044081311879,-0.36371277598800233,-3.09199028507364,-4.417849012589449,G-alligator
grieta598.jpg,1.3222237570942625,-1.7879622459085531,-0.3561174565632335,-5.0598521340607885,G-alligator
grieta599.jpg,-1.503164671911185,-0.6258622999283224,-2.796415749508544,-4.5514967456827495,G-alligator
grieta600.jpg,-0.995608382287064,-0.8504490346916894,-3.3905552265441803,-4.084691823248605,G-alligator
